DATABASE_ID	SMILES	MOLECULAR_WEIGHT	JCHEM_AVERAGE_POLARIZABILITY	JCHEM_BIOAVAILABILITY	JCHEM_DONOR_COUNT	JCHEM_FORMAL_CHARGE	JCHEM_NEUTRAL_CHARGE	JCHEM_NUMBER_OF_RINGS	JCHEM_PHYSIOLOGICAL_CHARGE	JCHEM_PKA	JCHEM_PKA_STRONGEST_ACIDIC	JCHEM_PKA_STRONGEST_BASIC	JCHEM_POLAR_SURFACE_AREA	JCHEM_REFRACTIVITY	JCHEM_ROTATABLE_BOND_COUNT
DB00007	CCNC(=O)[C@@H]1CCCN1C(=O)[C@H](CCCNC(N)=N)NC(=O)[C@H](CC(C)C)NC(=O)[C@@H](CC(C)C)NC(=O)[C@H](CC1=CC=C(O)C=C1)NC(=O)[C@H](CO)NC(=O)[C@H](CC1=CNC2=C1C=CC=C2)NC(=O)[C@H](CC1=CNC=N1)NC(=O)[C@@H]1CCC(=O)N1	1209.3983	125.23746436496857	0	16	0	1	6	1	10.979074128694565	9.489202729908316	11.918318983199532	429.04	327.2417000000001	32
DB00014	CC(C)C[C@H](NC(=O)[C@@H](COC(C)(C)C)NC(=O)[C@H](CC1=CC=C(O)C=C1)NC(=O)[C@H](CO)NC(=O)[C@H](CC1=CNC2=CC=CC=C12)NC(=O)[C@H](CC1=CN=CN1)NC(=O)[C@@H]1CCC(=O)N1)C(=O)N[C@@H](CCCN=C(N)N)C(=O)N1CCC[C@H]1C(=O)NNC(N)=O	1269.4105	130.73574153273802	0	17	0	2	6	1	10.004730150548193	9.357764630931712	10.911998832479386	495.8899999999997	325.83880000000016	33
DB00091	CC[C@@H]1NC(=O)[C@H]([C@H](O)[C@H](C)C\C=C\C)N(C)C(=O)[C@H](C(C)C)N(C)C(=O)[C@H](CC(C)C)N(C)C(=O)[C@H](CC(C)C)N(C)C(=O)[C@@H](C)NC(=O)[C@H](C)NC(=O)[C@H](CC(C)C)N(C)C(=O)[C@@H](NC(=O)[C@H](CC(C)C)N(C)C(=O)CN(C)C1=O)C(C)C	1202.635	133.60132638203973	0	5	0		1	0	12.234112317341314	11.825701333808036	-2.3937129676327564	278.79999999999995	327.1417	15
DB00126	[H][C@@]1(OC(=O)C(O)=C1O)[C@@H](O)CO	176.1241	14.932525092170716	1	4	0	-1	1	-1	11.194661934216315	4.1599476901451	-2.979728932431362	107.22	37.0321	2
DB00143	N[C@@H](CCC(=O)N[C@@H](CS)C(=O)NCC(O)=O)C(O)=O	307.323	29.30377029981135	1	6	0	-1	0	-1	3.737311352465548	1.9364037247697887	9.223740958320658	158.82	69.1149	9
DB00166	OC(=O)CCCC[C@@H]1CCSS1	206.326	21.744975428939433	1	1	0		1	-1		4.523468122735193		37.3	54.3714	5
DB00188	CC(C)C[C@H](NC(=O)[C@H](CC1=CC=CC=C1)NC(=O)C1=CN=CC=N1)B(O)O	384.237	40.65072235381561	1	4	0	0	2	0	12.935952423377957	8.642948571164315	-0.585841951334518	124.44000000000001	99.37379999999999	9
DB00196	OC(CN1C=NC=N1)(CN1C=NC=N1)C1=C(F)C=C(F)C=C1	306.2708	26.521181986627063	1	1	0	0	3	0		12.682658386975216	2.3012400328190075	81.65	97.1995	5
DB00203	CCCC1=NN(C)C2=C1N=C(NC2=O)C1=CC(=CC=C1OCC)S(=O)(=O)N1CCN(C)CC1	474.576	51.17739859334627	1	1	0	0	4	0		11.144857276991443	5.992873256489963	109.13	139.44050000000001	6
DB00205	CCC1=C(C(N)=NC(N)=N1)C1=CC=C(Cl)C=C1	248.711	25.794130782433776	1	2	0	1	2	1		17.2220439554856	7.773183579634776	77.82	71.54200000000002	2
DB00227	[H][C@]12[C@H](C[C@@H](C)C=C1C=C[C@H](C)[C@@H]2CC[C@@H]1C[C@@H](O)CC(=O)O1)OC(=O)[C@@H](C)CC	404.5396	46.05853270513368	1	1	0	0	3	0		14.914537666911102	-2.8361812244930835	72.83	113.18239999999999	7
DB00242	NC1=C2N=CN([C@H]3C[C@H](O)[C@@H](CO)O3)C2=NC(Cl)=N1	285.687	26.848585834468757	1	3	0	0	3	0	14.784914754944117	13.886716048866097	2.218954823550772	119.30999999999999	67.18350000000001	2
DB00262	ClCCNC(=O)N(CCCl)N=O	214.05	18.795479654816873	1	1	0	0	0	0		13.363142882619123	-5.344505514075843	61.77	46.9797	5
DB00279	N[C@@H](CC1=CC(I)=C(OC2=CC(I)=C(O)C=C2)C(I)=C1)C(O)=O	650.9735	43.92059819460361	1	3	0	0	2	0	8.49112819466963	0.3025527340740364	9.48230448922794	92.78	113.42549999999999	5
DB00282	NCCC(O)(P(O)(O)=O)P(O)(O)=O	235.0695	17.338067565013077	1	6	0	-2	0	-2	1.4320105727980836	0.6686214006842393	9.855403863984707	161.31	42.6188	4
DB00290	[H][C@](C)(NC(=O)[C@@]([H])(NC(=O)C1=NC(=NC(N)=C1C)[C@H](CC(N)=O)NC[C@H](N)C(N)=O)[C@@]([H])(OC1OC(CO)C(O)C(O)C1OC1OC(CO)C(O)C(OC(N)=O)C1O)C1=CNC=N1)[C@@H](O)[C@H](C)C(=O)N[C@]([H])(C(=O)NCCC1=NC(=CS1)C1=NC(=CS1)C(=O)NCCC[S+](C)C)[C@@]([H])(C)O	1415.552	139.19395870661936	0	20	1	2	6	2	12.121305944618864	11.390324393689676	7.650823772653191	627.0699999999998	343.83480000000026	36
DB00291	OC(=O)CCCC1=CC=C(C=C1)N(CCCl)CCCl	304.212	31.982298958363188	1	1	0	-1	1	-1		4.455549351160488	1.7171649065281474	40.54	79.6828	9
DB00293	CN(CC1=CC2=C(NC(C)=NC2=O)C=C1)C1=CC=C(S1)C(=O)N[C@@H](CCC(O)=O)C(O)=O	458.488	45.55445488572825	1	4	0	-2	3	-2	4.448816942483675	3.7249997893306026	1.2435385968036636	148.39999999999998	117.39150000000001	9
DB00305	[H][C@]12CN3C4=C([C@@H](COC(N)=O)[C@@]3(OC)[C@@]1([H])N2)C(=O)C(N)=C(C)C4=O	334.3272	32.772082235581934	1	3	0	0	4	0	16.143426500747395	14.96649073275689	5.760698626931116	146.89	83.2689	4
DB00307	CC1=CC2=C(C=C1C(=C)C1=CC=C(C=C1)C(O)=O)C(C)(C)CCC2(C)C	348.4779	41.061396033331874	1	1	0	-1	3	-1		4.070792459533179		37.3	117.124	3
DB00313	CCCC(CCC)C(O)=O	144.2114	16.996878483662726	1	1	0	-1	0	-1		5.144389811177235		37.3	40.2491	5
DB00317	COC1=C(OCCCN2CCOCC2)C=C2C(NC3=CC(Cl)=C(F)C=C3)=NC=NC2=C1	446.902	46.113650326281444	1	1	0	1	4	0		16.105064168096977	6.846829183950772	68.74000000000001	117.50680000000001	8
DB00322	OC[C@H]1O[C@H](C[C@@H]1O)N1C=C(F)C(=O)NC1=O	246.1924	20.949961641295644	1	3	0	0	2	0	13.907877654313866	8.078643056854242	-2.9780835982375358	99.09999999999998	51.2578	2
DB00331	CN(C)C(=N)NC(N)=N	129.1636	13.427402057500638	1	4	0	2	0	2			12.325150598103365	88.99	56.642700000000005	0
DB00351	[H][C@@]12CC[C@](OC(C)=O)(C(C)=O)[C@@]1(C)CC[C@@]1([H])[C@@]2([H])C=C(C)C2=CC(=O)CC[C@]12C	384.516	43.51415933548088	1	0	0		4	0	19.92277853101958	17.826162097938024	-4.860581975061152	60.44	108.65539999999994	3
DB00352	NC1=NC(=S)C2=C(N1)N=CN2	167.192	15.64558088462347	1	3	0	0	2	0	15.17176928976736	10.813251025755159	4.540379753663812	79.09	46.891999999999996	0
DB00361	[H][C@@]12N(C)C3=CC(OC)=C(C=C3[C@@]11CCN3CC=C[C@](CC)([C@@]13[H])[C@@]([H])(OC(C)=O)[C@]2(O)C(=O)OC)[C@]1(C[C@@]2([H])CN(CC(CC)=C2)CC2=C1NC1=CC=CC=C21)C(=O)OC	778.947	84.30771990824836	1	2	0		9	2	15.049389392712396	10.86803895686857	8.663182710903866	133.87000000000003	216.98749999999998	10
DB00377	[H][C@]12CCCC3=C1C(=CC=C3)C(=O)N(C2)[C@@H]1CN2CCC1CC2	296.414	33.89985376401508	1	0	0		5	1			7.973688632702442	23.550000000000004	88.52129999999998	1
DB00385	[H][C@@]1(C[C@@](O)(CC2=C(O)C3=C(C(O)=C12)C(=O)C1=C(OC)C=CC=C1C3=O)C(=O)COC(=O)CCCC)O[C@H]1C[C@H](NC(=O)C(F)(F)F)[C@H](O)[C@H](C)O1	723.651	69.19605790453554	0	5	0		5	0	9.403154880551655	8.004695938821461	-3.4156988783544806	215.21999999999997	168.02809999999997	12
DB00398	CNC(=O)C1=NC=CC(OC2=CC=C(NC(=O)NC3=CC(=C(Cl)C=C3)C(F)(F)F)C=C2)=C1	464.825	41.3340061519023	1	3	0	0	3	0	13.997061093666286	11.549797587623363	3.029916234990676	92.35000000000001	114.51830000000001	6
DB00399	OC(CN1C=CN=C1)(P(O)(O)=O)P(O)(O)=O	272.0896	20.097260908269092	1	5	0	-3	1	-3	1.4203844443343967	0.6570370453814715	6.674963447469139	153.11	52.157700000000006	4
DB00428	CN(N=O)C(=O)N[C@H]1[C@@H](O)O[C@H](CO)[C@@H](O)[C@@H]1O	265.2206	23.74213525939503	1	5	0	0	1	0	12.495225806417498	11.42514615892902	-2.9810236083276225	151.92000000000002	55.955200000000005	3
DB00432	OC[C@H]1O[C@H](C[C@@H]1O)N1C=C(C(=O)NC1=O)C(F)(F)F	296.1999	23.553759868193794	1	3	0	0	2	0	13.907880321146422	8.498575370429778	-2.9780835895525817	99.09999999999998	56.3445	3
DB00433	CN1CCN(CCCN2C3=CC=CC=C3SC3=C2C=C(Cl)C=C3)CC1	373.943	41.76560285764089	1	0	0	1	4	1			7.988642016898769	9.72	109.80640000000001	4
DB00441	NC1=NC(=O)N(C=C1)[C@@H]1O[C@H](CO)[C@@H](O)C1(F)F	263.1981	21.62331760577378	1	3	0	0	2	0	14.67865974719476	11.517069799137504	3.6475582642344992	108.37999999999998	53.2503	2
DB00444	[H][C@]12COC(=O)[C@]1([H])[C@H](C1=CC(OC)=C(O)C(OC)=C1)C1=C(C=C3OCOC3=C1)[C@H]2O[C@]1([H])O[C@]2([H])CO[C@H](O[C@@]2([H])[C@H](O)[C@H]1O)C1=CC=CS1	656.654	64.82932697959106	0	3	0	0	8	0	12.275460152375853	9.329948671524686	-3.685728856351058	160.82999999999998	155.60950000000003	6
DB00445	COC1=CC=CC2=C1C(=O)C1=C(O)C3=C(C[C@](O)(C[C@@H]3O[C@H]3C[C@H](N)[C@@H](O)[C@H](C)O3)C(=O)CO)C(O)=C1C2=O	543.5193	54.620989311351025	0	6	0	1	5	1	9.41094501738068	8.009651985429558	10.028287439881966	206.07	134.59369999999996	5
DB00451	N[C@@H](CC1=CC(I)=C(OC2=CC(I)=C(O)C(I)=C2)C(I)=C1)C(O)=O	776.87	49.401554616111895	1	3	0	0	2	0	7.426761076989792	0.27345586539235944	9.433364269995794	92.78	126.78799999999997	5
DB00480	NC1=CC=CC2=C1CN(C1CCC(=O)NC1=O)C2=O	259.2606	25.50773963654864	1	2	0	0	3	0	14.142252329187809	11.611915577956777	2.313453764425511	92.5	68.29810000000002	1
DB00481	OC1=CC=C(C=C1)C1=C(C(=O)C2=CC=C(OCCN3CCCCC3)C=C2)C2=C(S1)C=C(O)C=C2	473.583	52.5450564731479	1	2	0	1	5	1	9.589455143458157	9.000313028143191	8.420766832870981	70.0	135.48000000000002	7
DB00499	CC(C)C(=O)NC1=CC(=C(C=C1)[N+]([O-])=O)C(F)(F)F	276.2118	23.219275126764558	1	1	0	0	1	0		12.808366980542429	-3.7216522183548544	72.24	62.4166	4
DB00501	CN\C(NCCSCC1=C(C)NC=N1)=N\C#N	252.339	27.282208137159586	1	3	0	1	1	0	17.202035722718033	13.382499451317114	6.911820815082451	88.88999999999999	70.31709999999998	5
DB00515	[H][N]([H])([H])[Pt](Cl)(Cl)[N]([H])([H])[H]	300.05	10.945512558699935	1	0	0		0	0				55.28	43.302400000000006	0
DB00526	[H][N]1([H])[C@@H]2CCCC[C@H]2[N]([H])([H])[Pt]11OC(=O)C(=O)O1	397.294	21.897307064487705	1	0	0		3	0				85.82	67.521	0
DB00530	COCCOC1=CC2=C(C=C1OCCOC)C(NC1=CC(=CC=C1)C#C)=NC=N2	393.4357	43.481984981392074	1	1	0		3	0		16.143808891275818	4.624280230433007	74.73	107.78590000000001	10
DB00531	ClCCN(CCCl)P1(=O)NCCCO1	261.086	23.722394450622833	1	1	0	0	1	0		13.476543121426038		41.57	58.47810000000002	5
DB00539	CN(C)CCOC1=CC=C(C=C1)C(=C(\CCCl)C1=CC=CC=C1)\C1=CC=CC=C1	405.96	46.48963981320896	1	0	0	1	3	1			8.764304427648634	12.47	133.41050000000004	9
DB00541	[H][C@@]12N3CC[C@@]11C4=C(C=C(OC)C(=C4)[C@]4(C[C@H]5C[N@](C[C@](O)(CC)C5)CCC5=C4NC4=CC=CC=C54)C(=O)OC)N(C=O)[C@@]1([H])[C@](O)([C@H](OC(C)=O)[C@]2(CC)C=CC3)C(=O)OC	824.972	88.31836267192512	1	3	0	2	9	2	14.40514178005572	10.849017536198744	8.662524172947247	171.17	221.48039999999995	10
DB00544	FC1=CNC(=O)NC1=O	130.0772	9.45943734046829	1	2	0	0	1	-1	12.009826118281222	7.17587932808474	-7.973676798194867	58.2	26.1722	0
DB00560	[H][C@@]12CC3=C(C(O)=C(NC(=O)CNC(C)(C)C)C=C3N(C)C)C(=O)C1=C(O)[C@]1(O)C(=O)C(C(N)=O)=C(O)[C@@H](N(C)C)[C@]1([H])C2	585.6487	61.56323398222355	0	7	0		4	1	7.351721087130572	3.168151000454865	8.96576120109409	205.75999999999996	159.34309999999994	7
DB00563	[H][C@@](CCC(O)=O)(NC(=O)C1=CC=C(C=C1)N(C)CC1=NC2=C(N)NC(=N)N=C2N=C1)C(O)=O	454.4393	45.42861602919311	0	6	0	-2	3	-2	3.802889058146695	2.947105183151996	14.553405700348458	205.91999999999996	137.57400000000007	9
DB00570	[H][C@@]12N(C)C3=CC(OC)=C(C=C3[C@@]11CCN3CC=C[C@@](CC)([C@@H](OC(C)=O)[C@]2(O)C(=O)OC)[C@@]13[H])[C@]1(C[C@@]2([H])CN(C[C@](O)(CC)C2)CCC2=C1NC1=C2C=CC=C1)C(=O)OC	810.9741	87.46012566036845	1	3	0	2	9	2	14.405148771657073	10.869524000991364	8.861449486805551	154.1	222.42059999999998	10
DB00571	CC(C)NCC(O)COC1=CC=CC2=C1C=CC=C2	259.3434	29.98376793487401	1	2	0		2	1		14.087930079742037	9.666166403559243	41.49	76.82570000000003	6
DB00580	CC1=C(C(=NO1)C1=CC=CC=C1)C1=CC=C(C=C1)S(N)(=O)=O	314.359	31.76425043343253	1	1	0	0	3	0		10.057539239950989	0.4178232092924187	86.19	84.70800000000001	3
DB00605	CC1=C(CC(O)=O)C2=CC(F)=CC=C2\C1=C/C1=CC=C(C=C1)S(C)=O	356.411	37.21306861562222	1	1	0	-1	3	-1	15.87115008865042	4.090206179273906	-8.134925876008337	54.37	99.5588	4
DB00619	CN1CCN(CC2=CC=C(C=C2)C(=O)NC2=CC(NC3=NC=CC(=N3)C3=CN=CC=C3)=C(C)C=C2)CC1	493.6027	55.53855400515704	1	2	0	1	5	1	16.329124089931074	12.692137931945702	7.842541637929808	86.28000000000002	148.92929999999996	7
DB00631	[H][C@]1(F)[C@H](O)[C@@H](CO)O[C@H]1N1C=NC2=C(N)N=C(Cl)N=C12	303.677	26.923972392457745	1	3	0	0	3	0	14.689345889482803	12.709449446040374	2.1965616168985096	119.30999999999999	67.00210000000001	2
DB00635	[H][C@@]12CC[C@](O)(C(=O)CO)[C@@]1(C)CC(=O)[C@@]1([H])[C@@]2([H])CCC2=CC(=O)C=C[C@]12C	358.4281	38.19552996394001	1	2	0	0	4	0	13.910198436602006	12.577627603762018	-3.3299891188883604	91.67	97.56809999999996	2
DB00641	[H][C@]12[C@H](C[C@@H](C)C=C1C=C[C@H](C)[C@@H]2CC[C@@H]1C[C@@H](O)CC(=O)O1)OC(=O)C(C)(C)CC	418.5662	47.878820231510396	1	1	0		3	0		14.914537666911102	-2.8361812244930835	72.83	117.68339999999996	7
DB00642	NC1=NC(=O)C2=C(NC=C2CCC2=CC=C(C=C2)C(=O)N[C@@H](CCC(O)=O)C(O)=O)N1	427.4106	43.24491768278534	1	6	0		3	-2	4.145697811400078	3.3880980228882485	2.430782132857763	186.96999999999997	109.44959999999995	9
DB00648	ClC(Cl)C(C1=CC=C(Cl)C=C1)C1=CC=CC=C1Cl	320.041	29.934789412180983	1	0	0	0	2	0				0.0	79.96540000000002	3
DB00650	[H]C(=O)N1C(CNC2=CC=C(C=C2)C(=O)N[C@@H](CCC(O)=O)C(O)=O)CNC2=C1C(=O)NC(N)=N2	473.446	46.326272870088374	0	7	0		3	-2	4.208498843729758	3.4738559631646653	2.809548222692691	215.55	126.66199999999996	9
DB00665	CC1(C)NC(=O)N(C1=O)C1=CC(=C(C=C1)[N+]([O-])=O)C(F)(F)F	317.2207	25.923578127475032	1	1	0	0	2	0		15.008640960398825	-4.466075317381474	92.55000000000001	67.22180000000002	3
DB00675	CC\C(=C(/C1=CC=CC=C1)C1=CC=C(OCCN(C)C)C=C1)C1=CC=CC=C1	371.5146	44.19315486813352	1	0	0	1	3	1			8.764365150529695	12.47	128.43080000000003	8
DB00694	COC1=CC=CC2=C1C(=O)C1=C(O)C3=C(C[C@](O)(C[C@@H]3O[C@H]3C[C@H](N)[C@H](O)[C@H](C)O3)C(C)=O)C(O)=C1C2=O	527.5199	53.70351908167644	0	5	0	1	5	1	9.411001216867042	8.009663908260505	10.028457797895692	185.84	132.89149999999998	4
DB00724	CC(C)CN1C=NC2=C1C1=C(C=CC=C1)N=C2N	240.3036	26.66739085625385	1	1	0	0	3	0		19.987685542504707	5.014971758906523	56.730000000000004	72.5446	2
DB00741	[H][C@@]12CC[C@](O)(C(=O)CO)[C@@]1(C)C[C@H](O)[C@@]1([H])[C@@]2([H])CCC2=CC(=O)CC[C@]12C	362.4599	39.44944821309214	1	3	0		4	0	13.870324099364762	12.586158967791423	-2.846864231895191	94.83000000000001	97.39999999999998	2
DB00755	C\C(\C=C\C1=C(C)CCCC1(C)C)=C/C=C/C(/C)=C/C(O)=O	300.442	36.845994315681	1	1	0		1	-1		4.757033385475081		37.3	97.79079999999998	5
DB00762	CCC1=C2CN3C(=CC4=C(COC(=O)[C@]4(O)CC)C3=O)C2=NC2=CC=C(OC(=O)N3CCC(CC3)N3CCCCC3)C=C12	586.678	65.26615881924718	1	1	0		7	1		11.713039193992351	9.470303739304919	112.50999999999999	161.33029999999997	5
DB00773	[H][C@]12COC(=O)[C@]1([H])[C@H](C1=CC(OC)=C(O)C(OC)=C1)C1=CC3=C(OCO3)C=C1[C@H]2O[C@@H]1O[C@]2([H])CO[C@@H](C)O[C@@]2([H])[C@H](O)[C@H]1O	588.5566	57.94627520987686	0	3	0	0	7	0	12.275621686392375	9.329948855010683	-3.6854092876640965	160.82999999999998	139.0212	5
DB00831	CN1CCN(CCCN2C3=CC=CC=C3SC3=C2C=C(C=C3)C(F)(F)F)CC1	407.496	41.94441396407669	1	0	0	1	4	1			7.989157008062279	9.72	110.97530000000002	5
DB00851	CN(C)\N=N\C1=C(N=CN1)C(N)=O	182.187	17.779388881860655	1	2	0		1	-1	13.975956212803794	6.640203141586473	1.7165552467242113	99.72999999999999	49.7106	3
DB00853	CN1N=NC2=C(N=CN2C1=O)C(N)=O	194.1508	16.875955761195197	1	1	0	0	2	0		10.460204717047635	-3.61910195378457	105.94	47.8609	1
DB00864	CO[C@@H]1C[C@@H](CC[C@H]1O)\C=C(/C)[C@H]1OC(=O)[C@@H]2CCCCN2C(=O)C(=O)[C@]2(O)O[C@@H]([C@H](C[C@H]2C)OC)[C@H](C[C@@H](C)C\C(C)=C\[C@@H](CC=C)C(=O)C[C@H](O)[C@H]1C)OC	804.0182	87.90174240518854	0	3	0	0	4	0	14.074335233483517	9.95560061665388	-2.937095707399786	178.35999999999996	215.62030000000004	7
DB00877	[H][C@@]1(C[C@@H](C)[C@]2([H])CC(=O)[C@H](C)\C=C(C)\[C@@H](O)[C@@H](OC)C(=O)[C@H](C)C[C@H](C)\C=C\C=C\C=C(C)\[C@H](C[C@]3([H])CC[C@@H](C)[C@@](O)(O3)C(=O)C(=O)N3CCCC[C@@]3([H])C(=O)O2)OC)CC[C@@H](O)[C@@H](C1)OC	914.187	101.7426676674582	0	3	0		4	0	13.368197872426823	9.963727691413887	-3.040520864948703	195.42999999999998	250.6632000000001	6
DB00904	CN1C2=C(C3=CC=CC=C13)C(=O)C(CN1C=CN=C1C)CC2	293.363	33.16037978817858	1	0	0	1	4	1		16.126268472929226	7.3443138844877165	39.82	86.77950000000001	2
DB00914	NC(=N)NC(=N)NCCC1=CC=CC=C1	205.2596	22.143145874481135	1	5	0		1	2		19.183435879887664	11.973029263601687	97.78	80.7156	3
DB00928	NC1=NC(=O)N(C=N1)[C@@H]1O[C@H](CO)[C@@H](O)[C@H]1O	244.2047	21.49549178558361	1	4	0	0	2	0	13.932867726830192	12.551469081398738	1.958485647978124	140.97	52.1932	2
DB00947	[H][C@@]12CC[C@H](O)[C@@]1(C)CC[C@]1([H])C3=CC=C(O)C=C3C[C@@H](CCCCCCCCCS(=O)CCCC(F)(F)C(F)(F)F)[C@@]21[H]	606.78	65.8795819390535	0	2	0		4	0	19.377686077764185	10.320842869407338	-0.8840000790382215	57.53	155.33699999999996	15
DB00958	[H][N]([H])([H])[Pt]1(OC(=O)C2(CCC2)C(=O)O1)[N]([H])([H])[H]	371.254	18.268789884862585	1	0	0		2	0				107.88000000000001	60.036699999999996	0
DB00959	[H][C@@]12CC[C@](O)(C(=O)CO)[C@@]1(C)C[C@H](O)[C@@]1([H])[C@@]2([H])C[C@H](C)C2=CC(=O)C=C[C@]12C	374.4706	40.77449553961917	1	3	0		4	0	13.869397174584854	12.586106478052692	-2.8513561321432883	94.83000000000001	103.04189999999998	2
DB00970	[H][C@@]12CCCN1C(=O)[C@H](NC(=O)[C@@H](NC(=O)C1=C3N=C4C(OC3=C(C)C=C1)=C(C)C(=O)C(N)=C4C(=O)N[C@H]1[C@@H](C)OC(=O)[C@H](C(C)C)N(C)C(=O)CN(C)C(=O)[C@]3([H])CCCN3C(=O)[C@H](NC1=O)C(C)C)[C@@H](C)OC(=O)[C@H](C(C)C)N(C)C(=O)CN(C)C2=O)C(C)C	1255.417	129.23731945646648	0	5	0	0	7	0	11.098483446600403	10.51691637715153	-1.088153173363003	355.53999999999996	326.17160000000007	8
DB00982	C\C(\C=C\C1=C(C)CCCC1(C)C)=C/C=C/C(/C)=C\C(O)=O	300.4351	36.151983823599814	1	1	0	-1	1	-1		4.757033385475081		37.3	97.79079999999999	5
DB00987	NC1=NC(=O)N(C=C1)[C@@H]1O[C@H](CO)[C@@H](O)[C@@H]1O	243.2166	22.532482120749137	1	4	0	0	2	0	13.933688762603468	12.553240843106517	4.194053381670019	128.61	54.5448	2
DB00990	[H][C@@]12CCC(=O)[C@@]1(C)CC[C@@]1([H])[C@@]2([H])CC(=C)C2=CC(=O)C=C[C@]12C	296.4034	33.71960332076663	1	0	0	0	4	0			-5.041593302107081	34.14	89.02689999999998	0
DB00997	COC1=CC=CC2=C1C(=O)C1=C(O)C3=C(C[C@](O)(C[C@@H]3O[C@H]3C[C@H](N)[C@H](O)[C@H](C)O3)C(=O)CO)C(O)=C1C2=O	543.5193	54.62081836750586	0	6	0	1	5	1	9.41094501738068	8.009651985429558	10.028287439881966	206.07	134.59369999999996	5
DB01005	NC(=O)NO	76.0547	5.944994473281037	1	3	0	0	0	0	13.960495404519202	10.140479514021132	-4.909055692225128	75.35	14.9072	0
DB01006	N#CC1=CC=C(C=C1)C(N1C=NC=N1)C1=CC=C(C=C1)C#N	285.3027	29.589094793110164	1	0	0	0	3	0			1.8872030284176107	78.28999999999999	94.4741	3
DB01008	CS(=O)(=O)OCCCCOS(C)(=O)=O	246.302	23.637829810018637	1	0	0		0	0				86.74000000000001	49.5686	7
DB01024	COC1=C(C\C=C(/C)CCC(O)=O)C(O)=C2C(=O)OCC2=C1C	320.3371	32.947780566628595	1	2	0		2	-1	9.758702224079817	3.574787977208779	-4.068194505368491	93.06	85.2334	6
DB01026	CC(=O)N1CCN(CC1)C1=CC=C(OCC2COC(CN3C=CN=C3)(O2)C2=CC=C(Cl)C=C2Cl)C=C1	531.431	54.60656465465844	1	0	0	0	5	0			6.4224910616464514	69.06	138.0672	7
DB01030	CC[C@@]1(O)C(=O)OCC2=C1C=C1N(CC3=CC4=C(C=CC(O)=C4CN(C)C)N=C13)C2=O	421.4458	44.85931866430258	1	2	0	1	5	1	11.715282344819846	7.996184382296421	9.745800864472388	103.19999999999999	115.0161	3
DB01033	S=C1N=CNC2=C1NC=N2	152.177	14.036474572890086	1	2	0	0	2	0	14.097355591501243	11.091803772087632	2.9945256604846957	53.07	43.60269999999999	0
DB01034	[H][C@]1(O[C@]1([H])C(=O)CC\C=C\C\C=C\C)C(N)=O	223.272	23.621241708802646	1	2	0		1	0	19.91164991318967	-3.3832226265519734	12.562454821622046	73.68	73.47930000000001	7
DB01041	O=C1N(C2CCC(=O)NC2=O)C(=O)C2=CC=CC=C12	258.2295	24.424569969032678	1	1	0	0	3	0	16.74270753163753	11.593278965606647	-6.448342644269867	83.55	64.32480000000001	1
DB01042	N[C@@H](CC1=CC=C(C=C1)N(CCCl)CCCl)C(O)=O	305.2	31.38369799278027	1	2	0	0	1	0		1.2884430296765703	9.512487752295659	66.56	78.2315	8
DB01073	NC1=NC(F)=NC2=C1N=CN2[C@@H]1O[C@H](CO)[C@@H](O)[C@@H]1O	285.235	25.33127796656409	1	4	0	0	3	0	13.891147806860378	12.453999252809727	0.7635475353412526	139.54	64.0592	2
DB01092	[H][C@@]12CC[C@]3(O)C[C@H](C[C@@H](O)[C@]3(CO)[C@@]1([H])[C@H](O)C[C@]1(C)[C@H](CC[C@]21O)C1=CC(=O)OC1)O[C@@H]1O[C@@H](C)[C@H](O)[C@@H](O)[C@H]1O	584.6525	59.91585964685343	0	8	0	0	6	-1	12.210394291601636	7.181446894362235	-2.8503841755458543	206.59999999999997	140.83379999999994	4
DB01095	CC(C)N1C(\C=C\C(O)CC(O)CC(O)=O)=C(C2=CC=CC=C12)C1=CC=C(F)C=C1	411.473	43.59055360650402	1	3	0	-1	3	-1	14.644754687748147	4.54045618253606	-2.8401489650869784	82.69000000000001	114.85530000000003	8
DB01097	CC1=C(C=NO1)C(=O)NC1=CC=C(C=C1)C(F)(F)F	270.2073	23.107332046240906	1	1	0	0	2	0		13.72283688770913	-0.4455891978421226	55.13	64.15690000000001	3
DB01101	CCCCCOC(=O)NC1=NC(=O)N(C=C1F)[C@@H]1O[C@H](C)[C@@H](O)[C@H]1O	359.3501	35.93609197046743	1	3	0	0	2	0	12.58846629011208	8.626069347893116	0.07348816553113491	120.69	82.746	7
DB01128	CC(O)(CS(=O)(=O)C1=CC=C(F)C=C1)C(=O)NC1=CC(=C(C=C1)C#N)C(F)(F)F	430.373	36.69819406103292	1	2	0	0	2	0	13.222331894153326	11.779099611050768	-4.044979783200156	107.25999999999999	96.58950000000002	6
DB01167	CCC(C)N1N=CN(C1=O)C1=CC=C(C=C1)N1CCN(CC1)C1=CC=C(OC[C@H]2CO[C@@](CN3C=NC=N3)(O2)C2=C(Cl)C=C(Cl)C=C2)C=C1	705.633	74.49827957634713	0	0	0	0	7	0			3.9140674866982224	100.78999999999999	200.39999999999995	11
DB01168	CNNCC1=CC=C(C=C1)C(=O)NC(C)C	221.2988	25.87637707109315	1	3	0	0	1	0		15.032635956308123	5.556537680529933	53.160000000000004	86.97830000000002	5
DB01169	O=[As]O[As]=O	197.84	6.9058351056406195	1	0	0		0	0			-6.0420726203634265	43.370000000000005	4.236	2
DB01181	ClCCNP1(=O)OCCCN1CCCl	261.086	23.943197490268794	1	1	0	0	1	0		14.638063611240124		41.57	58.47810000000002	5
DB01188	CC1=CC(=O)N(O)C(=C1)C1CCCCC1	207.2689	23.12587927974971	1	1	0	-1	2	-1		6.842140564132407	-6.194129902384247	40.54	60.907399999999996	1
DB01204	OCCNCCNC1=CC=C(NCCNCCO)C2=C1C(=O)C1=C(C(O)=CC=C1O)C2=O	444.4809	48.488662971850324	0	8	0		3	2	10.292890632205888	8.271035881481104	9.35576793666697	163.18	123.53379999999999	12
DB01206	ClCCN(N=O)C(=O)NC1CCCCC1	233.695	23.611405089595515	1	1	0	0	1	0		14.052978190682753	-5.349365921574837	61.77	58.6506	4
DB01217	CC(C)(C#N)C1=CC(=CC(CN2C=NC=N2)=C1)C(C)(C)C#N	293.3663	31.96544035444743	1	0	0		2	0			1.9978867807338194	78.29	97.4729	4
DB01229	[H][C@]12[C@H](OC(=O)C3=CC=CC=C3)[C@]3(O)C[C@H](OC(=O)[C@H](O)[C@@H](NC(=O)C4=CC=CC=C4)C4=CC=CC=C4)C(C)=C([C@@H](OC(C)=O)C(=O)[C@]1(C)[C@@H](O)C[C@H]1OC[C@@]21OC(C)=O)C3(C)C	853.9061	87.15017929850299	0	4	0	0	7	0	12.777401021062252	11.898880408087317	-1.176778533933531	221.29	218.29449999999994	14
DB01234	[H][C@@]12C[C@@H](C)[C@](O)(C(=O)CO)[C@@]1(C)C[C@H](O)[C@@]1(F)[C@@]2([H])CCC2=CC(=O)C=C[C@]12C	392.4611	40.709708692604025	1	3	0		4	0	13.482283372225584	12.424778249663545	-3.3301756738658193	94.83000000000001	102.49289999999998	2
DB01248	[H][C@@]1(C[C@@]2(O)[C@@H](OC(=O)C3=CC=CC=C3)[C@]3([H])[C@@]4(CO[C@@H]4C[C@H](O)[C@@]3(C)C(=O)[C@H](O)C(=C1C)C2(C)C)OC(C)=O)OC(=O)[C@H](O)[C@@H](NC(=O)OC(C)(C)C)C1=CC=CC=C1	807.8792	82.14806517746374	0	5	0	0	6	0	12.681511115790755	11.90148535581284	-3.048144084279855	224.44999999999996	203.90169999999986	13
DB01254	CC1=NC(NC2=NC=C(S2)C(=O)NC2=C(C)C=CC=C2Cl)=CC(=N1)N1CCN(CCO)CC1	488.006	50.39016404599403	1	3	0	1	4	1	14.167240923351336	10.99272798004773	7.191464515675116	106.51	133.0762	7
DB01259	CS(=O)(=O)CCNCC1=CC=C(O1)C1=CC2=C(C=C1)N=CN=C2NC1=CC(Cl)=C(OCC2=CC(F)=CC=C2)C=C1	581.058	61.18680631374861	0	2	0	1	5	1		16.436491865676707	7.262927927247154	106.35000000000001	152.41719999999998	11
DB01261	N[C@@H](CC(=O)N1CCN2C(C1)=NN=C2C(F)(F)F)CC1=CC(F)=C(F)C=C1F	407.3136	32.664313153003484	1	1	0	1	3	1			8.784932056908964	77.04	87.49459999999999	5
DB01262	NC1=NC(=O)N(C=N1)[C@H]1C[C@H](O)[C@@H](CO)O1	228.2053	21.152792212911585	1	3	0	0	2	0	14.787462757393836	13.89482653451755	2.0930619292819053	120.73999999999998	50.6825	2
DB01268	CCN(CC)CCNC(=O)C1=C(C)NC(\C=C2/C(=O)NC3=C2C=C(F)C=C3)=C1C	398.4738	44.73934209398874	1	3	0	1	3	1	14.821863487808587	11.464278939168288	9.04269290383312	77.23	116.26629999999999	7
DB01280	COC1=NC(N)=NC2=C1N=CN2[C@@H]1O[C@H](CO)[C@@H](O)[C@@H]1O	297.2673	28.339880928246377	1	4	0	0	3	0	13.88926867780647	12.45392744274361	4.469570464386181	148.77	69.60480000000001	3
DB01388	COCC(=O)O[C@]1(CCN(C)CCCC2=NC3=CC=CC=C3N2)CCC2=C(C=CC(F)=C2)[C@@H]1C(C)C	495.6287	55.33564966319223	0	1	0	1	4	1		12.543807891587726	9.824900801073062	67.45	139.73079999999996	12
DB01590	[H][C@@]1(C[C@@H](C)[C@]2([H])CC(=O)[C@H](C)\C=C(C)\[C@@H](O)[C@@H](OC)C(=O)[C@H](C)C[C@H](C)\C=C\C=C\C=C(C)\[C@H](C[C@]3([H])CC[C@@H](C)[C@@](O)(O3)C(=O)C(=O)N3CCCC[C@@]3([H])C(=O)O2)OC)CC[C@@H](OCCO)[C@@H](C1)OC	958.24	106.60818282023908	0	3	0		4	0	13.428310667861762	9.963749820946393	-2.746132005058814	204.65999999999997	261.70670000000007	9
DB01700	NC(=O)C1=C(N)N(C=N1)[C@@H]1O[C@H](COP(O)(O)=O)[C@@H](O)[C@H]1O	338.2112	28.56573109900927	0	6	0	-2	2	-2	6.266347985457528	1.2245998962218518	4.804279678031426	203.37999999999997	69.1421	5
DB01782	O=C1C2=CC=CC3=C2C(=NN3)C2=C1C=CC=C2	220.2261	22.715243475078836	1	1	0	0	4	0		10.020758357407562	0.9565368183101194	45.75	65.35480000000001	0
DB01892	CC(C)C(=O)[C@@]12C(O)=C(CC=C(C)C)C(=O)[C@@](CC=C(C)C)(C[C@H](CC=C(C)C)[C@@]1(C)CCC=C(C)C)C2=O	536.797	63.752155638281955	0	1	0		2	-1		3.615648100719672	-7.256126724498689	71.44	166.68250000000003	11
DB01944	CC1=CC=C2N=C3N(CC[C@@]3(O)C(=O)C2=C1)C1=CC=CC=C1	292.3318	31.71346493782814	1	1	0	0	4	0		11.537417038192183	2.731453494563788	52.9	87.24510000000001	1
DB02010	[H][C@]1(C[C@@]2([H])O[C@](C)(N3C4=CC=CC=C4C4=C5CNC(=O)C5=C5C6=CC=CC=C6N2C5=C34)[C@]1([H])OC)NC	466.531	50.4656569399887	1	2	0	1	8	1	15.109218383080844	13.455578663237372	9.55356064203119	69.45	132.37209999999996	2
DB02375	OC1=CC(O)=C2C(OC(=C(O)C2=O)C2=CC(O)=C(O)C(O)=C2)=C1	318.2351	29.468621048343266	1	6	0	-1	3	-1	7.717616180605627	6.37283944754045	-4.050760199655587	147.68	78.8431	1
DB02546	ONC(=O)CCCCCCC(=O)NC1=CC=CC=C1	264.3202	28.38675845510354	1	3	0		1	0	14.203978435931308	8.907535980245514	-3.521337304210903	78.43	73.80510000000002	8
DB03010	[H]\C(=C(\C)[C@]1([H])C[C@]2([H])O[C@]2(C)CCC[C@]([H])(C)[C@]([H])(O)[C@@]([H])(C)C(=O)C(C)(C)[C@@]([H])(O)CC(=O)O1)C1=CSC(C)=N1	507.683	56.109865282704675	1	2	0	0	3	0	14.728657526386598	14.089751000075088	2.7263326959835403	109.25000000000001	134.75999999999996	2
DB03044	CC1=CC=C(C=C1)N1N=C(C=C1NC(=O)NC1=CC=C(OCCN2CCOCC2)C2=C1C=CC=C2)C(C)(C)C	527.6572	59.68542213479973	0	2	0	1	5	0	18.87807592516731	11.322262878625999	6.782266725743871	80.65	157.00989999999996	8
DB03068	OC[C@H]1O[C@H]([C@H](O)[C@@H]1O)N1C=CC=NC1=O	228.202	20.89719186351639	1	3	0	0	2	0	13.93369164691335	12.55324254319172	0.29968844332612726	102.59	51.675099999999986	2
DB03256	[H]N([H])C1=NC(=O)C2=C(N([H])C[C@@H](CN([H])C3=CC=C(C=C3)C(=O)N([H])[C@@H](CCC(O)=O)C(O)=O)N2C=O)N1[H]	473.4393	44.62533115664056	0	7	0	-2	3	-2	3.866920226655101	3.2108130737939438	4.6572664399214485	215.55	126.462	9
DB03285	OC1=CC=C(\C=C\C(=O)C2=C(O)C=C(O)C=C2)C=C1	256.2534	26.656339568424237	1	3	0	0	2	-1	8.57367796967927	7.110975707646942	-6.352946961329955	77.76	72.8197	3
DB03496	CN1CC[C@@H]([C@H](O)C1)C1=C(O)C=C(O)C2=C1OC(=CC2=O)C1=CC=CC=C1Cl	401.84	40.854614724313244	1	3	0	0	4	0	8.51554207832259	6.817512987598087	7.696942569356328	90.23000000000002	107.73799999999999	2
DB04106	CCOP(=O)(OCC)[C@@H](C)NC(=O)N(CCCl)N=O	315.691	29.002636934017463	1	1	0	0	0	0		11.814619217012673	-5.374898733535609	97.29999999999998	71.4238	9
DB04297	C[C@H](\C=C(/C)\C=C\C(=O)NO)C(=O)C1=CC=C(C=C1)N(C)C	302.3682	34.05933146673187	1	2	0	0	1	0	14.090004411076219	9.567311454805958	3.360376109059741	69.64	90.23889999999997	6
DB04572	S=P(N1CC1)(N1CC1)N1CC1	189.218	18.22403692858343	1	0	0	0	3	0			-0.29921290491100205	9.03	50.72220000000001	3
DB04690	CC[C@@]1(O)C(=O)OCC2=C1C=C1N(CC3=CC4=CC=CC=C4N=C13)C2=O	348.352	36.402929817367834	1	1	0	0	5	0		11.71053349505143	3.073286676093204	79.73	94.4925	1
DB04845	[H][C@]12C[C@H](NC(=O)C[C@H](O)C(C)(C)C(=O)[C@H](C)[C@@H](O)[C@@H](C)CCC[C@@]1(C)O2)C(\C)=C\C1=CSC(C)=N1	506.7	56.86362995150663	1	3	0		3	0	14.42627559325354	13.845020296062923	2.729351082092086	112.05000000000001	136.7098	2
DB04849	COC1=CC2=C(C=C1OCCCN1CCCC1)N=CN=C2OC1=C(F)C2=C(NC(C)=C2)C=C1	450.5053	48.77171632818926	1	1	0	1	5	1		16.593897049953988	9.142905232316114	72.5	125.15930000000002	8
DB04865	[H][C@@]1(OC(=O)[C@@](O)(CCCC(C)(C)O)CC(=O)OC)C(OC)=C[C@]23CCCN2CCC2=CC4=C(OCO4)C=C2[C@]13[H]	545.6213	57.623507121260175	0	2	0	1	5	1	18.53070408521904	12.090441034596882	9.417794628939516	123.99000000000002	142.0749	11
DB04868	CC1=CN(C=N1)C1=CC(NC(=O)C2=CC=C(C)C(NC3=NC=CC(=N3)C3=CN=CC=C3)=C2)=CC(=C1)C(F)(F)F	529.5158	52.34690394338325	0	2	0		5	0	15.855869088033948	12.381894938219121	5.92246125825737	97.62	152.85009999999997	7
DB04960	CN1C=NC=C1[C@@](N)(C1=CC=C(Cl)C=C1)C1=CC2=C(C=C1)N(C)C(=O)C=C2C1=CC(Cl)=CC=C1	489.396	50.158524529489455	1	1	0	1	5	1			7.496229317008156	64.15	148.19739999999993	4
DB05015	ONC(=O)\C=C\C1=CC=CC(=C1)S(=O)(=O)NC1=CC=CC=C1	318.35	30.989288963665444	1	3	0		2	0	9.563349801279497	7.818543000837779	-5.1294939254006735	95.5	83.4789	4
DB05109	[H][C@@]12[C@@H]3SC[C@]4(NCCC5=C4C=C(OC)C(O)=C5)C(=O)OC[C@H](N1[C@@H](O)[C@@H]1CC4=CC(C)=C(OC)C(O)=C4[C@H]2N1C)C1=C2OCOC2=C(C)C(OC(C)=O)=C31	761.837	77.97598646421704	0	4	0	1	9	1	10.057912254304542	9.256092143041649	7.196201624817803	168.72	196.921	4
DB05134	[H]/C1=C([H])/[C@]([H])(OC)[C@@]([H])(OC(O)=N)C(C)=C([H])[C@]([H])(C)[C@@]([H])(O)[C@]([H])(C[C@]([H])(C)CC2=C(NCC=C)C(=O)C=C(N=C(O)\C(C)=C\1/[H])C2=O)OC	585.698	61.302625679636726	0	5	0		2	0	5.787794535729819	-2.9027774973852285	11.586825634432254	170.76	175.2501	7
DB05220	COC1=CC(NC2=NC=C3CN=C(C4=CC(Cl)=CC=C4C3=N2)C2=C(OC)C=CC=C2F)=CC=C1C(O)=O	518.93	52.306709624419206	0	2	0	-1	5	-1	13.148174915409465	4.276414030880118	3.0126536175977052	105.93	137.20639999999997	6
DB05239	OC1(CN(C1)C(=O)C1=C(NC2=C(F)C=C(I)C=C2)C(F)=C(F)C=C1)[C@@H]1CCCCN1	531.318	44.75409468262012	0	3	0		4	1	14.013990403643238	13.36597643020897	9.757756959676243	64.6	115.84740000000001	4
DB05294	COC1=C(OCC2CCN(C)CC2)C=C2N=CN=C(NC3=C(F)C=C(Br)C=C3)C2=C1	475.354	47.1004352242433	1	1	0	1	4	1		14.349445865195296	9.127850957978985	59.510000000000005	118.63489999999999	6
DB05424	FC1=C(Cl)C=C(NC2=NC=NC3=CC(OCCCN4CCOCC4)=C(NC(=O)C=C)C=C23)C=C1	485.938	50.363638133071916	1	2	0	1	4	0	16.115008026555582	12.538746988183	6.868998176828745	88.61	130.5543	9
DB05448	CCC(C)SSC1=NC=CN1	188.314	19.943157660685976	1	1	0	0	1	0		10.933307215312604	4.813447464855306	28.68	50.8676	4
DB05465	COC1=C(OCCCN2CCCCC2)C=C2N=CN=C(N3CCN(CC3)C(=O)NC3=CC=C(OC(C)C)C=C3)C2=C1	562.703	64.09926661704189	1	1	0	1	5	1		14.009981531372445	9.026267268127771	92.29	162.57919999999996	10
DB05470	NC(=O)N(C1=CC=C(C(N)=O)C(=N1)C1=CC=C(F)C=C1F)C1=C(F)C=CC=C1F	404.325	34.857105426947314	1	2	0	0	3	0	15.901656172397688	13.950962841130353	0.04244665093473444	102.31	95.356	4
DB05482	CCC1=C2C=C(O)C=CC2=NC2=C1CN1C2=CC2=C(COC(=O)[C@]2(O)CC)C1=O	392.4046	41.42873410088917	1	2	0	0	5	0	11.714422630150532	9.659222642699493	3.9220551429216313	99.96	106.11560000000001	2
DB05524	CCOC1=CC2=C(C=C1NC(=O)\C=C\CN(C)C)C(NC1=CC(Cl)=C(F)C=C1)=C(C=N2)C#N	467.93	47.608646939664354	1	2	0		3	1	17.344646987432974	12.553527675262568	8.806084651841982	90.28	129.1058	8
DB05531	CCCCCCCC(N1CCCC1)C(=O)C1=CC=CC=C1	287.447	35.405535528150835	1	0	0		2	1		17.8729760472277	7.80718947577679	20.310000000000002	89.45370000000003	9
DB05546	CC(C)[C@@H](N(CCCN)C(=O)C1=CC=C(C)C=C1)C1=C(CC2=CC=CC=C2)C(=O)C2=CC=C(Cl)C=C2O1	517.07	56.10176305685604	0	1	0	1	4	1			9.74220784533262	72.63	150.44809999999993	9
DB05552	NC1=NC(N)=C2N=C(C3=CC=CC(O)=C3)C(=NC2=N1)C1=CC(O)=CC=C1	346.35	35.20165155749339	1	4	0		4	0	9.851723913997652	9.24936671764197	1.8038929657716534	144.06	98.83800000000001	2
DB05575	CC1(C)CNC2=CC(NC(=O)C3=C(NCC4=CC=NC=C4)N=CC=C3)=CC=C12	373.4509	40.660772280899565	1	3	0	0	4	0	19.60129680367858	15.555175131717858	5.425247188140435	78.94	114.77069999999999	5
DB05719	CN(NC(=O)CC(=O)NN(C)C(=S)C1=CC=CC=C1)C(=S)C1=CC=CC=C1	400.518	41.2912139123838	1	2	0	0	2	0	11.612138519994087	10.896498318914	-8.370113934752098	64.68	115.48020000000002	6
DB05806	CC[C@@]1(O)C(=O)OCC2=C1C=C1N(CC3=C(CC[Si](C)(C)C)C4=CC=CC=C4N=C13)C2=O	448.5863	48.96492549099148	1	1	0	0	5	0		11.710531162438942	3.8613060089256854	79.73	120.04769999999999	4
DB05812	[H][C@@]12CC=C(C3=CC=CN=C3)[C@@]1(C)CC[C@@]1([H])[C@@]2([H])CC=C2C[C@@H](O)CC[C@]12C	349.509	42.032014442240495	1	1	0	0	5	0		18.204289505501876	4.8100355598371225	33.120000000000005	107.30239999999998	1
DB05913	FC(F)(F)OC1=CC=C(NC(=O)C2=C(NCC3=CC=NC4=CC=CC=C34)C=CS2)C=C1	443.44	42.30101304480533	1	2	0	0	4	0		14.705543541965746	4.400462523815878	63.25	110.2794	7
DB05969	CC(C)(C)C1=CN=C(CSC2=CN=C(NC(=O)C3CCNCC3)S2)O1	380.53	42.67525783738394	1	2	0		3	1		10.852902323597077	10.064845954893986	80.05000000000001	101.29309999999997	6
DB05983	COC(=O)[C@]12CCC(C)(C)C[C@H]1[C@H]1C(=O)C=C3[C@@]4(C)C=C(C#N)C(=O)C(C)(C)[C@@H]4CC[C@@]3(C)[C@]1(C)CC2	505.699	58.22685132049819	0	0	0		5	0			-5.332050428017566	84.23	144.3622	2
DB05984	CN1C(NC2=CC=C(C=C2)C(F)(F)F)=NC2=CC(OC3=CC=NC(=C3)C3=NC=C(N3)C(F)(F)F)=CC=C12	518.423	46.516648566685525	0	2	0		5	1	16.958160014005674	9.282162808173254	7.213868446911544	80.64999999999999	131.4179	7
DB06040	CON(C)C(=O)N1N=C(S[C@@]1(CCCN)C1=CC=CC=C1)C1=CC(F)=CC=C1F	420.48	42.09054439314958	1	1	0		3	1			9.902095090678475	71.16000000000001	109.65840000000003	6
DB06075	C[C@@]1(O)C[C@@H](C1)C1=NC(=C2N1C=CN=C2N)C1=CC=C2C=CC(=NC2=C1)C1=CC=CC=C1	421.504	48.0385488511874	1	2	0		6	0	19.753704405662965	15.234654533175313	5.659124568802227	89.33	125.39200000000002	3
DB06080	CC1=CC(NC(=O)NC2=CC=C(C=C2)C2=C3C(N)=NNC3=CC=C2)=C(F)C=C1	375.407	38.97628732115971	1	4	0	0	4	0	15.211539513334188	10.403950850193084	3.3705199741663003	95.83	111.4756	3
DB06137	O=C(CC1=CC=C(C=N1)C1=CC=C(OCCN2CCOCC2)C=C1)NCC1=CC=CC=C1	431.536	48.48977724602544	1	1	0		4	0		15.356041668297436	6.627945277178351	63.69	124.86119999999998	9
DB06176	C\C=C1/NC(=O)[C@H]2CSSCC\C=C\[C@H](CC(=O)N[C@H](C(C)C)C(=O)N2)OC(=O)[C@@H](NC1=O)C(C)C	540.69	54.550495239707914	1	4	0		2	0	11.220914134505366	10.671197662764742	-0.5421080622553134	142.7	142.08559999999997	2
DB06179	C[As](C)SC[C@H](NC(=O)CC[C@H](N)C(O)=O)C(=O)NCC(O)=O	411.3	36.38093470856022	1	5	0		0	-1	3.5616849281734764	1.5021340151099847	9.31111625815889	158.82	79.88739999999999	11
DB06194	CCC(O)(CC)\C=C\C[C@H](C)C1=CC[C@@]2([H])\C(CCC[C@]12C)=C\C=C1\C[C@@H](O)C[C@@](F)([H])C1=C	442.6489	52.807040321754904	1	2	0	0	3	0	18.902531822194018	15.076925590519863	-1.0918325809723368	40.46	135.701	7
DB06195	CC[C@H](CO)NC1=NC(NCC2=CC=CC=C2)=C2N=CN(C(C)C)C2=N1	354.4493	40.427898417268075	1	3	0	0	3	0	15.42358590551351	14.323028892331621	5.202783228666839	87.89	106.1443	8
DB06233	CO[C@@H]1C[C@H](C[C@@H](C)[C@@H]2CC(=O)[C@H](C)\C=C(C)\[C@@H](O)[C@@H](OC)C(=O)[C@H](C)C[C@H](C)\C=C\C=C\C=C(C)\[C@H](C[C@@H]3CC[C@@H](C)[C@@](O)(O3)C(=O)C(=O)N3CCCC[C@H]3C(=O)O2)OC)CC[C@H]1OP(C)(C)=O	990.222	107.24545243966483	0	2	0		4	0	13.437222826113864	9.96375284872515	-3.0082245188775714	201.49999999999994	267.98310000000004	8
DB06287	OCC(C)(CO)C(=O)O[C@@H]1CC[C@@H](C[C@@H](C)[C@]2([H])CC(=O)[C@H](C)\C=C(C)\[C@@H](O)[C@@H](OC)C(=O)[C@H](C)C[C@H](C)\C=C\C=C\C=C(C)\[C@@H](OC)C[C@]3([H])CC[C@@H](C)[C@@](O)(O3)C(=O)C(=O)N3CCCC[C@H]3C(=O)O2)C[C@H]1OC	1030.2871	112.70392156646133	0	4	0	0	4	0	13.405520491743845	9.963741789926882	-2.8802756644755236	241.95999999999995	277.06649999999996	11
DB06302	COCCNCC1=CC=C(N=C1)C1=CC2=NC=CC(OC3=CC=C(NC(=S)NC(=O)CC4=CC=C(F)C=C4)C=C3F)=C2S1	619.71	63.76901502281798	0	3	0		5	1	13.85402394705303	9.271344692517452	8.276828470669374	97.4	166.0441	11
DB06306	CC(C)C1=CC(C(=O)N2CC3=CC=C(CN4CCN(C)CC4)C=C3C2)=C(O)C=C1O	409.53	46.74859133872108	1	2	0		4	1	9.791140528306881	8.506858464352874	7.780263698460387	67.25	120.84239999999997	4
DB06309	[H][C@@](O)(CO)CC1(CC1)S(=O)(=O)NC1=C(OC)C=C(F)C(F)=C1NC1=C(F)C=C(I)C=C1	572.337	46.340403617640376	1	4	0	0	3	-1	13.701442464356681	7.209700668626857	-1.9695543191186853	107.89	116.29469999999999	8
DB06314	CN1C=C(C=N1)C1=NN2C(SC3=CC=C4N=CC=CC4=C3)=NN=C2C=C1	359.408	36.60400246892516	1	0	0		5	0			4.259613422609892	73.79	123.7361	3
DB06370	NS(=O)(=O)C1=CC=C(C=C1)S(=O)(=O)NC1=CC=CC2=C1NC=C2Cl	385.846	36.83958745415768	1	3	0	-1	3	-1	9.987223273890526	6.854167517780267		122.11999999999999	90.93940000000002	3
DB06469	C[C@]12O[C@H](C[C@]1(O)CO)N1C3=C(C=CC=C3)C3=C1C1=C(C4=C3C(=O)NC4)C3=CC=CC=C3N21	439.471	47.08170155532349	1	3	0		8	0	13.528291629587155	12.26388375349984	-1.4854313280062037	88.65	121.40819999999997	1
DB06486	CN1C=C(C2=CC=CC=C12)C1=C(C(=O)NC1=O)C1=CN(C2CCN(CC3=CC=CC=N3)CC2)C2=CC=CC=C12	515.617	56.736922847701365	1	1	0		7	1		9.714809048040037	7.556762898307855	72.16	151.60659999999996	5
DB06530	CCOCC1=NC2=C(N)N=C3C=CC=CC3=C2N1CC(C)(C)O	314.3822	35.008911034714785	1	2	0	0	3	0	19.881768856409114	14.911488870330752	4.829921934063051	86.19	89.79240000000001	5
DB06589	CN(C1=CC2=NN(C)C(C)=C2C=C1)C1=CC=NC(NC2=CC=C(C)C(=C2)S(N)(=O)=O)=N1	437.518	45.402868377046346	1	2	0	0	4	0	13.258365073290038	10.410157167162934	4.35670193078959	119.03	132.18130000000002	5
DB06595	CO[C@@H]1[C@@H](C[C@H]2O[C@]1(C)N1C3=C(C=CC=C3)C3=C1C1=C(C4=C(C=CC=C4)N21)C1=C3CNC1=O)N(C)C(=O)C1=CC=CC=C1	570.649	60.581904630271765	0	1	0		9	0	15.065738937255482	13.447765289163765	-0.8340940415404176	77.72999999999999	162.60849999999996	3
DB06603	CC1=C(CCNCC2=CC=C(\C=C\C(=O)NO)C=C2)C2=CC=CC=C2N1	349.434	38.939232416903494	1	4	0	1	3	1	14.086856253292172	9.308886201610063	9.952454825642205	77.15	105.49850000000004	7
DB06616	COC1=CC(NC2=C(C=NC3=CC(OCCCN4CCN(C)CC4)=C(OC)C=C23)C#N)=C(Cl)C=C1Cl	530.446	56.02075629535723	1	1	0	1	4	1		15.47738759107435	8.028862312386158	82.88000000000002	142.12089999999995	9
DB06626	CNC(=O)C1=C(SC2=CC=C3C(NN=C3\C=C\C3=CC=CC=N3)=C2)C=CC=C1	386.47	42.581139444177964	1	2	0		4	0	14.232825934497587	13.074693773903022	4.592516178946188	70.67	115.136	5
DB06629	COC1=NC(C)=CN=C1NS(=O)(=O)C1=CC=CN=C1C1=CC=C(C=C1)C1=NN=CO1	424.44	42.04823248706018	1	1	0		4	-1		5.459917935678794	0.9197693693865404	132.99	118.89260000000002	5
DB06663	NCCCC[C@@H]1NC(=O)[C@@H](CC2=CNC3=C2C=CC=C3)NC(=O)[C@@H](NC(=O)[C@@H]2C[C@H](CN2C(=O)[C@H](CC2=CC=CC=C2)NC(=O)[C@H](CC2=CC=C(OCC3=CC=CC=C3)C=C2)NC1=O)OC(=O)NCCN)C1=CC=CC=C1	1047.2062	111.07836568276095	0	9	0	2	8	2	10.759700678530251	9.083835903713277	10.411714769123924	281.2	286.6616	18
DB06699	CC(C)C[C@H](NC(=O)[C@@H](CC1=CC=C(NC(N)=O)C=C1)NC(=O)[C@H](CC1=CC=C(NC(=O)[C@@H]2CC(=O)NC(=O)N2)C=C1)NC(=O)[C@H](CO)NC(=O)[C@@H](CC1=CC=CN=C1)NC(=O)[C@@H](CC1=CC=C(Cl)C=C1)NC(=O)[C@@H](CC1=CC=C2C=CC=CC2=C1)NC(C)=O)C(=O)N[C@@H](CCCCNC(C)C)C(=O)N1CCC[C@H]1C(=O)N[C@H](C)C(N)=O	1632.29	168.9757050580019	0	17	0		8	1	11.599717410663526	10.54637956804157	11.160529415574686	512.8699999999998	431.12800000000027	41
DB06704	NC(N)=NCC1=CC(I)=CC=C1	275.0896	21.92774033036301	1	2	0	1	1	1			11.270847308527944	64.39999999999999	58.31569999999999	2
DB06719	CCNC(=O)[C@@H]1CCCN1C(=O)[C@H](CCCNC(N)=N)NC(=O)[C@H](CC(C)C)NC(=O)[C@@H](COC(C)(C)C)NC(=O)[C@H](CC1=CC=C(O)C=C1)NC(=O)[C@H](CO)NC(=O)[C@H](CC1=CNC2=C1C=CC=C2)NC(=O)[C@H](CC1=CN=CN1)NC(=O)[C@@H]1CCC(=O)N1	1239.447	131.47919340338498	0	16	0	2	6	1	10.971234721559684	9.488896523619372	11.85488641602594	438.2699999999999	334.23429999999996	33
DB06733	CO[C@H]1\C=C\C=C(C)\C[C@H](C)[C@H](O)[C@H](C)\C=C(/C)\C=C(OC)\C(=O)O[C@@H]1[C@@H](C)[C@@H](O)[C@H](C)[C@@]1(O)C[C@@H](O)[C@H](C)[C@H](O1)C(C)C	622.84	69.33031918961508	0	4	0		2	0	14.36775477175016	11.6894535546142	-0.7344085907907704	134.91000000000003	174.52820000000006	7
DB06769	CN1C(CCCC(O)=O)=NC2=CC(=CC=C12)N(CCCl)CCCl	358.263	38.19194100570135	1	1	0	-1	2	-1		4.359216903288075	6.412326946287477	58.36000000000001	92.91539999999999	9
DB06772	[H][C@]12[C@H](OC(=O)C3=CC=CC=C3)[C@]3(O)C[C@H](OC(=O)[C@H](O)[C@@H](NC(=O)OC(C)(C)C)C4=CC=CC=C4)C(C)=C([C@@H](OC)C(=O)[C@]1(C)[C@H](C[C@H]1OC[C@@]21OC(C)=O)OC)C3(C)C	835.9324	86.24608586289492	0	3	0		6	0	13.160093393645816	11.964595171848366	-3.5548376368865644	202.45	213.40410000000006	15
DB06791	[H]N([H])CCCCC1N([H])C(=O)C(CC2=CN([H])C3=CC=CC=C23)N([H])C(=O)C(CC2=CC=C(O)C=C2)N([H])C(=O)C(CSSCC(N([H])C(=O)C(N([H])C1=O)C(C)C)C(=O)N([H])C(C(C)O)C(=O)N([H])[H])N([H])C(=O)C(CC1=CC2=CC=CC=C2C=C1)N([H])[H]	1096.33	114.68475587260419	0	13	0		6	2	11.41645010800766	9.42651467795372	10.255229004419796	355.07999999999987	292.9234	17
DB06803	OC1=C(C=C(Cl)C=C1)C(=O)NC1=C(Cl)C=C(C=C1)[N+]([O-])=O	327.12	28.523896307931764	1	2	0	-1	2	-1	14.606567847570238	6.891130349290102	-4.43191620280918	92.47000000000001	79.50250000000001	3
DB06809	C(N1CCCNCCNCCCNCC1)C1=CC=C(CN2CCCNCCNCCCNCC2)C=C1	502.782	60.6477600606026	0	6	0	4	3	4			10.229791840427879	78.66	155.01339999999996	4
DB06813	NC1=NC2=NC=C(CC(CC#C)C3=CC=C(C=C3)C(=O)N[C@@H](CCC(O)=O)C(O)=O)N=C2C(N)=N1	477.4726	47.306284208588295	0	5	0	-2	3	-2	4.1006340847727	3.2835034785475252	2.031241923617523	207.3	126.8184	10
DB06825	CC(C)C[C@H](NC(=O)[C@@H](CC1=CNC2=CC=CC=C12)NC(=O)[C@H](CC1=CC=C(O)C=C1)NC(=O)[C@H](CO)NC(=O)[C@H](CC1=CNC2=C1C=CC=C2)NC(=O)[C@H](CC1=CNC=N1)NC(=O)[C@@H]1CCC(=O)N1)C(=O)N[C@@H](CCCNC(N)=N)C(=O)N1CCC[C@H]1C(=O)NCC(N)=O	1311.473	135.22970474389967	0	18	0		8	1	10.984429469906525	9.489440479428891	11.536898141787088	487.91999999999985	352.4318000000001	33
DB06999	CCCS(=O)(=O)NC1=CC=C(F)C(C(=O)C2=CNC3=C2C=C(Cl)C=N3)=C1F	413.826	38.37753507022487	1	2	0	0	3	0	12.132445262726247	8.87227755079576	0.7482467971938774	91.92	96.8329	5
DB07031	CC1(C)CCC(C)(C)C2=C1C=CC(=C2)[C@@H](O)C(=O)NC1=C(F)C=C(C=C1)C(O)=O	399.4552	42.49200649662735	1	3	0		3	-1	11.146245188641284	3.8707233744032328	-3.942383091578347	86.63	109.98329999999999	4
DB07101	[H][C@@](O)(CO)CONC(=O)C1=C(NC2=CC=C(I)C=C2F)C(F)=C(F)C=C1	482.193	37.55687250739562	1	4	0	0	2	0	13.730007616616403	11.969353734579856	-2.969857538559772	90.82000000000001	96.13600000000001	7
DB07159	COC1=CC(NC2=NC=C(F)C(NC3=CC=C4OC(C)(C)C(=O)NC4=N3)=N2)=CC(OC)=C1OC	470.4536	45.81195713022518	1	3	0		4	0	11.937420715470052	10.89745639445785	2.7733655364397523	128.75	122.00460000000001	7
DB07232	C[C@@]1(CCCN1)C1=NC2=CC=CC(C(N)=O)=C2N1	244.2923	26.315141478935193	1	3	0	1	3	1	15.013022531891213	9.73148284158085	9.254747384542844	83.80000000000001	68.6215	2
DB07348	[H][C@]1(O)C[C@@]2([H])\C=C\CCC[C@]([H])(C)OC(=O)\C=C\[C@@]([H])(O)[C@]2([H])C1	280.3594	31.043032068364813	1	2	0	0	2	0	15.30670901033923	14.419298113163666	-2.699627942028208	66.76	78.7488	0
DB07594	CCC1=C(O)C=C(O)C(=C1)C1=C(C(C)=NN1)C1=CC2=C(OCCO2)C=C1	352.3838	37.26390396490488	1	3	0	0	4	0	10.517981915066539	9.214943799821523	3.0696375036404886	87.60000000000001	99.04820000000001	3
DB07810	OC1=CC=C(CCC(=O)C2=C(O)C=C(O)C=C2O)C=C1	274.2687	27.750957355225943	1	4	0	0	2	0	9.29493786378175	7.958485348511623	-4.608418822447718	97.99000000000001	73.70730000000002	4
DB08142	ClC1=CC=CC(Cl)=C1C(=O)NC1=CNN=C1C(=O)NC1CCNCC1	382.244	37.093047532229406	1	4	0	1	3	1	14.731811009903389	10.797023099530248	9.985825167461071	98.91	98.648	4
DB08289	OC(=O)CCCC(=O)NC1=CC=C(CC[N+]2([O-])CCCCC2)C=C1	334.41	36.554607563542255	1	2	0	-1	2	-1	14.327729155009587	4.473917704175502	3.847265234536067	89.46000000000001	93.89989999999999	8
DB08828	CS(=O)(=O)C1=CC(Cl)=C(C=C1)C(=O)NC1=CC=C(Cl)C(=C1)C1=CC=CC=N1	421.297	39.49297704834268	1	1	0	0	3	0	16.198429520269464	13.495406595055885	3.70352904198454	76.13	107.81199999999998	4
DB08865	[H][C@](C)(OC1=CC(=CN=C1N)C1=CN(N=C1)C1CCNCC1)C1=C(Cl)C=CC(F)=C1Cl	450.337	45.43909864919915	1	2	0	1	4	1			10.122354155484977	77.99000000000001	128.43159999999997	5
DB08868	CCCCCCCCC1=CC=C(CCC(N)(CO)CO)C=C1	307.4708	38.81296151292172	1	3	0	1	1	1	15.109766255181377	14.41136347343388	9.376716884398872	66.48	93.28000000000002	12
DB08871	[H][C@@]12CC(=C)[C@]([H])(CC[C@@]3([H])C[C@@H](C)C(=C)[C@@]([H])(C[C@]4([H])O[C@H](C[C@H](O)CN)[C@H](OC)[C@@]4([H])CC(=O)C[C@@]4([H])CC[C@]5([H])O[C@@]6([H])[C@H]7O[C@@]8(C[C@]7([H])O[C@@]6([H])[C@@]([H])(O8)[C@@]5([H])O4)CC1)O3)O2	729.908	82.14806517746374	0	2	0	1	9	1	19.43784524468193	14.816229934967454	9.563181159256786	146.39000000000001	185.99539999999996	4
DB08875	COC1=CC2=C(C=C1OC)C(OC1=CC=C(NC(=O)C3(CC3)C(=O)NC3=CC=C(F)C=C3)C=C1)=CC=N2	501.514	51.49370830255501	1	2	0		5	0	14.47114923183193	13.46188656926935	5.895706033147246	98.78	136.1206	8
DB08877	N#CC[C@H](C1CCCC1)N1C=C(C=N1)C1=C2C=CNC2=NC=N1	306.365	33.0655646050994	1	1	0	0	4	0		13.893649729164409	3.913572455070985	83.18	98.0065	4
DB08881	CCCS(=O)(=O)NC1=C(F)C(C(=O)C2=CNC3=NC=C(C=C23)C2=CC=C(Cl)C=C2)=C(F)C=C1	489.922	48.10374806689174	1	2	0	0	4	0	12.38784831735041	8.872386096992	2.3039873663610244	91.91999999999999	121.96909999999998	6
DB08889	CC(C)C[C@H](NC(=O)[C@H](CCC1=CC=CC=C1)NC(=O)CN1CCOCC1)C(=O)N[C@@H](CC1=CC=CC=C1)C(=O)N[C@@H](CC(C)C)C(=O)[C@@]1(C)CO1	719.9099	79.44524132979844	0	4	0	0	4	0	12.39669731972647	11.913230314238909	4.959066248834953	158.46999999999997	198.01709999999994	20
DB08896	CNC(=O)C1=CC(OC2=CC(F)=C(NC(=O)NC3=CC=C(Cl)C(=C3)C(F)(F)F)C=C2)=CC=N1	482.815	41.5478743861423	1	3	0	0	3	0	13.995233624535093	10.517571114585602	3.02341914206159	92.35	114.73470000000002	6
DB08899	CNC(=O)C1=C(F)C=C(C=C1)N1C(=S)N(C(=O)C1(C)C)C1=CC=C(C#N)C(=C1)C(F)(F)F	464.436	42.686351645781855	1	1	0	0	3	0		13.054718263686743	-1.5542381586613685	76.44	113.4796	4
DB08901	CN1CCN(CC2=CC=C(NC(=O)C3=CC(C#CC4=CN=C5C=CC=NN45)=C(C)C=C3)C=C2C(F)(F)F)CC1	532.5595	55.38885034438991	1	1	0	1	5	1		15.371655343004843	7.624674854002727	65.77	152.62889999999996	7
DB08910	NC1=CC=CC2=C1C(=O)N(C1CCC(=O)NC1=O)C2=O	273.2441	25.812774920377908	1	2	0	0	3	0	16.742668055870485	11.593277713635468	1.5569195735712902	109.57000000000001	69.02520000000001	1
DB08911	CN1C(=O)C(C)=C2N(C(=O)N(C3CC3)C(=O)C2=C1NC1=CC=C(I)C=C1F)C1=CC(NC(C)=O)=CC=C1	615.3948	55.06755581621776	1	2	0	0	5	0	14.051625888695238	12.595983661120359	-3.1983175097030623	102.06	156.3839	5
DB08912	CC(C)(C)C1=NC(=C(S1)C1=NC(N)=NC=C1)C1=C(F)C(NS(=O)(=O)C2=C(F)C=CC=C2F)=CC=C1	519.562	49.70835705951687	0	2	0	0	4	-1	16.336274683724067	7.156416461506746	2.9743756962821606	110.85999999999999	127.5141	5
DB08913	[Cl-].[Cl-].[223Ra++]	293.924	1.7784	1	0	0	2	0	2	3.55	3.09		0.0	0.0	0
DB08916	CN(C)C\C=C\C(=O)NC1=C(O[C@H]2CCOC2)C=C2N=CN=C(NC3=CC(Cl)=C(F)C=C3)C2=C1	485.938	50.06401700397231	1	2	0	1	4	1	16.1115976178253	12.487393109097129	8.806080804839404	88.61	131.38039999999995	8
DB09002	ClC1=CC=C(C=C1)C(OCCN1CCCCC1)C1=CC=CC=C1	329.864	37.2302035988786	1	0	0	1	3	1			8.819677962712234	12.47	96.87379999999999	6
DB09030	[H][C@@]12C[C@]3([H])C[C@@H](CC[C@@]3([H])[C@H](\C=C\C3=CC=C(C=N3)C3=CC(F)=CC=C3)[C@]1([H])[C@@H](C)OC2=O)NC(=O)OCC	492.5817	53.850950197174754	1	1	0		5	0		14.778973206060416	4.3164105017860805	77.52000000000001	134.5236	6
DB09053	NC1=NC=NC2=C1C(=NN2[C@@H]1CCCN(C1)C(=O)C=C)C1=CC=C(OC2=CC=CC=C2)C=C1	440.507	47.8409796208888	1	1	0		5	0		19.69607468213113	6.577372858658654	99.16	138.07410000000002	5
DB09054	[H][C@@](CC)(NC1=NC=NC2=C1N=CN2)C1=NC2=CC=CC(F)=C2C(=O)N1C1=CC=CC=C1	415.432	41.40914236889856	1	2	0		5	0	15.101183263453347	9.86163038495056	4.271706485445055	99.16	116.8321	5
DB09063	CC(C)OC1=C(NC2=NC(NC3=CC=CC=C3S(=O)(=O)C(C)C)=C(Cl)C=N2)C=C(C)C(=C1)C1CCNCC1	558.14	61.32527700940867	0	3	0		4	1	13.61834334125873	11.57916953570114	10.074307542437316	105.24000000000001	153.8568	9
DB09073	CC(=O)C1=C(C)C2=CN=C(NC3=NC=C(C=C3)N3CCNCC3)N=C2N(C2CCCC2)C1=O	447.5328	49.687855091983565	1	2	0	1	5	1	18.372916385385707	11.33853423875439	8.864366335251884	103.35	127.4663	5
DB09074	FC1=CC=C(CC2=NNC(=O)C3=CC=CC=C23)C=C1C(=O)N1CCN(CC1)C(=O)C1CC1	434.4628	43.80919098344491	1	1	0	0	5	0		9.962529272199527	-0.895834374542084	82.08000000000001	117.52689999999998	4
DB09078	COC1=C(C=C2C(OC3=CC=C(NC(=O)NC4CC4)C(Cl)=C3)=CC=NC2=C1)C(N)=O	426.86	42.28654041441733	1	3	0		4	0	13.421803046437034	12.369414766369108	5.404318590638682	115.57000000000002	112.2141	6
DB09079	COC(=O)C1=CC=C2C(NC(=O)\C2=C(/NC2=CC=C(C=C2)N(C)C(=O)CN2CCN(C)CC2)C2=CC=CC=C2)=C1	539.6248	58.79041338249016	1	2	0		5	1	17.58434656660883	10.855225404301317	7.228900244518917	94.21999999999998	159.09739999999994	8
DB09143	[H][C@]1(C)CN(C[C@@]([H])(C)O1)C1=CC=C(NC(=O)C2=CC=CC(=C2C)C2=CC=C(OC(F)(F)F)C=C2)C=N1	485.507	49.90980661840627	1	1	0		4	0		14.212893179004677	5.4513234436618285	63.69	125.3365	6
DB09256	FC1=CN(C2CCCO2)C(=O)NC1=O	200.169	17.52480574484032	1	1	0		2	0		8.078830885976586	-4.251792191433699	58.64	44.501400000000004	1
DB09330	COC1=C(NC2=NC=CC(=N2)C2=CN(C)C3=C2C=CC=C3)C=C(NC(=O)C=C)C(=C1)N(C)CCN(C)C	499.619	56.842801876431494	1	2	0		4	1	15.223932344575143	13.644238757745772	8.867831669147341	87.54999999999998	150.32349999999997	10
DB09343	ClC1=C(CN2CCCC2=N)NC(=O)NC1=O	242.662	22.48323009207064	1	3	0		2	1	12.694650414934149	7.277145223168521	11.55192395505324	85.29	69.8867	2
DB09570	CC(C)C[C@H](NC(=O)CNC(=O)C1=CC(Cl)=CC=C1Cl)B(O)O	361.03	36.30096955946018	1	4	0	0	1	0	12.795927038323295	8.642927690419658	-1.8156028124347534	98.66000000000001	84.55629999999998	7
DB11363	CCC1=CC2=C(C=C1N1CCC(CC1)N1CCOCC1)C(C)(C)C1=C(C3=CC=C(C=C3N1)C#N)C2=O	482.6166	56.55946783140417	1	1	0	1	6	1		12.179207025196979	7.592472408258664	72.36	155.1128	3
DB11526	CN1CCN(CC2=CC=C(C=C2)C(=O)NC2=CC=C(C)C(NC3=NC(=CS3)C3=CN=CC=C3)=C2)CC1	498.65	55.326122360102296	1	2	0	1	5	1	16.41309989929668	15.123809274703184	7.84253327028523	73.39000000000001	147.0007	7
DB11581	CC1(C)CCC(CN2CCN(CC2)C2=CC=C(C(=O)NS(=O)(=O)C3=CC=C(NCC4CCOCC4)C(=C3)[N+]([O-])=O)C(OC3=CN=C4NC=CC4=C3)=C2)=C(C1)C1=CC=C(Cl)C=C1	868.45	93.95388281222316	0	3	0		8	0	13.574023476501122	4.191982334610934	7.955635070610022	172.03	238.5852999999999	12
DB11647	[H][C@@]12CC3=C(C(O)=CC=C3)C(=O)C1=C(O)[C@]1(O)C(=O)C(C(N)=O)=C(O)C[C@]1([H])C2	371.345	35.79238365196461	1	5	0	-1	4	-1	7.44822372990286	5.876700249955666	-1.2253997893100994	158.14999999999998	95.1221	1
DB11648	CN1N=CC(Cl)=C1C1=C(Cl)SC(=C1)C(=O)N[C@H](CN)CC1=CC=CC(F)=C1	427.32	40.88994318824628	1	2	0		3	1		13.791791766104424	9.024269371913343	72.94	116.81359999999997	5
DB11651	CN1C(=O)N(C2=C1C=NC1=CC=C(C=C21)C1=CN=C2C=CC=CC2=C1)C1=CC=C(C=C1)C(C)(C)C#N	469.548	51.349255800368084	1	0	0		6	0			4.070342493234384	73.12	138.34539999999998	3
DB11652	CC1=CC(NC2=NC=NC3=CC=C(NC4=NC(C)(C)CO4)C=C23)=CC=C1OC1=CC2=NC=NN2C=C1	480.532	50.761096962668724	1	2	0		6	0		17.076287402206216	4.57030144786026	110.85000000000001	148.3732	5
DB11663	CS(=O)(=O)N1CCN(CC2=CC3=C(S2)C(=NC(=N3)C2=C3C=NNC3=CC=C2)N2CCOCC2)CC1	513.636	54.30784694484643	1	1	0	0	6	0		11.600977650710895	5.975098002016905	107.55	147.18230000000005	4
DB11666	NC1=CC(=C(C=N1)C1=NC(=NC(=C1)N1CCOCC1)N1CCOCC1)C(F)(F)F	410.3935	39.25452371834102	1	1	0	0	4	0			5.935510292389047	89.63000000000001	103.5829	4
DB11672	COC1=CC(\C=C\C(=O)CC(=O)\C=C\C2=CC(OC)=C(O)C=C2)=CC=C1O	368.3799	38.12302565421615	1	2	0	0	2	0	9.606301832763988	9.08319712281597	-4.355207917841695	93.06	103.8106	8
DB11678	CS(=O)(=O)OC[C@H](O)[C@@H](O)COS(C)(=O)=O	278.29	24.928094015033032	1	2	0		0	0	14.42764061572851	12.989807576484225	-3.5463876459423735	127.20000000000002	51.983599999999996	7
DB11689	CN1C=NC2=C(F)C(NC3=C(Cl)C=C(Br)C=C3)=C(C=C12)C(=O)NOCCO	457.68	40.61258025640025	1	3	0	0	3	0	14.583831901679526	10.261393988051967	5.073792223098743	88.41000000000001	102.61300000000001	6
DB11697	C(CN1CCCC1)OC1=CC=C2NC3=NC=CC(=N3)C3=CC(COC\C=C\COCC1=C2)=CC=C3	472.589	52.321591302384874	1	1	0	1	5	1		14.096381834345566	8.85704273495768	68.74	139.42579999999998	4
DB11703	CC#CC(=O)N1CCC[C@H]1C1=NC(=C2N1C=CN=C2N)C1=CC=C(C=C1)C(=O)NC1=CC=CC=N1	465.517	50.99602552087383	1	2	0		5	0	19.607191921336526	12.34466982966525	5.00480731438698	118.51	135.7163	5
DB11718	COC(=O)N[C@@H](C)CNC1=NC=CC(=N1)C1=CN(N=C1C1=CC(Cl)=CC(NS(C)(=O)=O)=C1F)C(C)C	540.01	54.10723339610997	1	3	0		3	0	14.1072055518073	8.452420498899306	3.0821957349755067	140.12999999999997	145.60169999999997	9
DB11730	CN(C)C(=O)C1=CC2=CN=C(NC3=CC=C(C=N3)N3CCNCC3)N=C2N1C1CCCC1	434.548	49.126765638733005	1	2	0		5	1		11.592476971398566	8.865014004686534	91.21	125.59339999999999	5
DB11740	CN1CCN(CC1)C1=CC=C(NC2=NC=C3C(=O)N(CC=C)N(C3=N2)C2=NC(=CC=C2)C(C)(C)O)C=C1	500.607	54.194465593001524	1	2	0		5	1	14.298549674638018	13.69319640908926	7.958182599323903	100.96000000000001	155.9475	7
DB11743	[H][C@](CNC(C)C)(C(=O)N1CCN(CC1)C1=NC=NC2=C1[C@]([H])(C)C[C@@]2([H])O)C1=CC=C(Cl)C=C1	457.996	50.29404531290047	1	2	0	1	4	1		13.683991625397233	9.488182160819962	81.59	127.75929999999998	6
DB11752	[H][C@]12C[C@H](OC(C)=O)C(C)(C)[C@](O)(C[C@]3([H])C\C(C[C@@]([H])(O3)\C=C\C(C)(C)[C@]3(O)O[C@@]([H])(C\C(=C/C(=O)OC)[C@@H]3OC(=O)\C=C\C=C\CCC)C[C@@]([H])(OC(=O)C[C@H](O)C1)[C@@H](C)O)=C\C(=O)OC)O2	905.044	95.40497916086208	0	4	0	0	4	0	11.575660975406128	10.585157638260217	-2.8358312834899726	240.10999999999996	233.05060000000012	13
DB11757	[H]\C(=C(\[H])C1=CC(OC)=C(OC)C=C1)C1=NC2=C(N1C)C(=O)N(CC)C(=O)N2CC	384.436	42.27956363469055	1	0	0		3	0			-1.3742527936656175	76.9	107.11169999999998	6
DB11759	[H][C@]1(O)C[C@@]([H])(C[C@@]1([H])COS(N)(=O)=O)N1C=CC2=C(N[C@@]3([H])CCC4=CC=CC=C34)N=CN=C12	443.519	46.2436298230477	1	3	0	1	5	0	14.834350397855205	11.39831624554214	6.037110171476629	132.35999999999999	117.22659999999995	6
DB11760	CN1N=CN=C1[C@@H]1[C@H](NC2=C3C1=NNC(=O)C3=CC(F)=C2)C1=CC=C(F)C=C1	380.359	35.82303563143831	1	2	0		5	0	11.438530829060104	9.482976091937143	1.6566239350134295	84.2	111.27019999999999	2
DB11763	O=C(NCC#N)C1=CC=C(C=C1)C1=CC=NC(NC2=CC=C(C=C2)N2CCOCC2)=N1	414.469	44.22815239475054	1	2	0		4	0	14.780543351274027	14.019202178665537	2.6212381541919503	103.16999999999999	118.46079999999998	6
DB11772	COC1=CC=C(Cl)C(NC2=C(NS(=O)(=O)C3=CC(NC(=O)C(C)(C)N)=CC=C3)N=C3C=CC=CC3=N2)=C1	541.02	52.893473214323976	1	4	0		4	0	12.271564710989423	5.989901734538064	8.48264582483274	148.33	142.09370000000004	7
DB11775	CN(C)C[C@@H](NC(=O)N1CC2=C(NN=C2NC2=C3SC=CC3=NC(C)=N2)C1(C)C)C1=CC=CC=C1	490.63	53.894175572354335	1	3	0		5	1	14.407510614503963	10.357797981455859	8.10337736239086	102.07000000000001	139.29369999999997	6
DB11781	CC(C)C[C@H]([C@H](O)C(=O)NO)C(=O)N[C@H](C(=O)OC1CCCC1)C1=CC=CC=C1	406.479	42.87564327700272	1	4	0		2	0	12.048865424963962	8.610944122412421	-2.19757166818889	124.96	105.1308	10
DB11782	CC[C@H](NC(=O)[C@H](C)NC)C(=O)N1C[C@@H](O)C[C@H]1CC1=C(NC2=CC(F)=CC=C12)C1=C(C[C@@H]2C[C@H](O)CN2C(=O)[C@H](CC)NC(=O)[C@H](C)NC)C2=CC=C(F)C=C2N1	806.957	86.23056901807485	0	8	0		6	2	12.852050177488024	12.277033441862043	8.90364687909102	194.92	214.65020000000013	15
DB11787	CC(C)(C)CN1C(N)=NC2=CC=C(N=C12)C1=C(NC(=N1)C(C)(C)C)C1=CC=C(F)C=C1	420.536	46.75622561252744	1	2	0		4	0		11.831410355950585	4.411464945230665	85.41	120.69709999999999	5
DB11791	CNC(=O)C1=C(F)C=C(C=C1)C1=NN2C(CC3=CC4=C(C=C3)N=CC=C4)=CN=C2N=C1	412.428	42.103917027865634	1	1	0	0	5	0		12.768465376983022	4.54604467173301	85.07	125.27250000000001	4
DB11793	NC(=O)C1=CC=CC2=CN(N=C12)C1=CC=C(C=C1)[C@@H]1CCCNC1	320.396	36.39791908298065	1	2	0	1	4	1		14.027908995250424	10.084748201269733	72.94	94.9203	3
DB11794	CNCC1=CC=C(C=C1)C1=NOC(=C1)C1=NC(=CN=C1N)C1=CC=C(C=C1)S(=O)(=O)C(C)C	463.56	50.75552106386192	1	2	0		4	1	18.37770001618734	16.519290814298213	9.222828092017512	124.0	128.6232	7
DB11800	COC1=C(OC)C=C2C(OC3=CC(Cl)=C(NC(=O)NC4=NOC(C)=C4)C=C3)=CC=NC2=C1	454.863	44.259333796867544	1	2	0		4	0	17.325542566105597	8.274400409804507	5.890234087140727	107.74000000000001	120.85130000000001	6
DB11805	CN1CCN(CCOC2=CC3=C(C(NC4=C(Cl)C=CC5=C4OCO5)=NC=N3)C(OC3CCOCC3)=C2)CC1	542.026	57.309721033796	1	1	0	1	6	1		12.610002786198814	7.7948196987268465	90.44000000000003	143.643	8
DB11828	CCOC1=C(NC(=O)\C=C\CN(C)C)C=C2C(NC3=CC=C(OCC4=CC=CC=N4)C(Cl)=C3)=C(C=NC2=C1)C#N	557.05	58.09770476262372	0	2	0		4	1	18.147341982676366	12.553538901239406	8.806088778564186	112.4	157.28609999999998	11
DB11841	NC1=CC=CC=C1NC(=O)C1=CC=C(CNC(=O)OCC2=CN=CC=C2)C=C1	376.416	39.39024445101273	1	3	0		3	0	14.252611797900549	13.536236037523246	4.737803867770191	106.34	108.28839999999998	7
DB11853	CONC(=O)NC1=CC=C(C=C1)C1=C(CN(C)C)C2=C(S1)N(CC1=C(F)C=CC=C1F)C(=O)N(C2=O)C1=CC=C(OC)N=N1	623.64	62.4381788867902	1	2	0	1	5	1	18.35998751709252	9.073927217217653	7.690019374194183	129.23	160.92359999999996	9
DB11886	CCN1CCN(CC1)C1=CC=C(NC2=CC(=NC=N2)N(C)C(=O)NC2=C(Cl)C(OC)=CC(OC)=C2Cl)C=C1	560.475	58.50626067764091	1	2	0		4	1	17.39741846693039	9.983893229482073	8.234905907327525	95.09	152.7095	8
DB11890	CC(C)[C@@H]1N(C)C(=O)[C@@H](CC2=CC=CC=C2)NC(=O)[C@H](CC(O)=O)NC(=O)CNC(=O)[C@H](CCCNC(N)=N)NC1=O	588.666	59.80167627525174	0	8	0		2	0	10.61911799765917	3.5854800014828627	12.018206855943424	235.90999999999997	159.96560000000005	9
DB11893	NC(=O)[C@@H](CCC(F)(F)F)N(CC1=CC=C(C=C1F)C1=NOC=N1)S(=O)(=O)C1=CC=C(Cl)C=C1	520.88	44.95564593416717	1	1	0		3	0		14.024325338584848	-2.3972131627802336	119.39	125.97930000000001	9
DB11899	CN1C=C(C=N1)C1=C2N=C([C@@H]3CCCNC3)C(Br)=C(N)N2N=C1	376.262	35.95049486734574	1	2	0		4	1			9.573037710472	86.06	114.2588	2
DB11901	CNC(=O)C1=CC=C(C=C1F)N1C(=S)N(C(=O)C11CCC1)C1=CC(=C(N=C1)C#N)C(F)(F)F	477.44	43.44369263291651	1	1	0		4	0		13.053725703081092	-0.7478180773878739	89.33000000000001	113.5955	4
DB11911	CC1=CC=CC(=N1)C1=NN2CCCC2=C1C1=C2C=C(C=CC2=NC=C1)C(N)=O	369.428	39.49555450686644	1	1	0		5	0		14.581795861330761	3.362285274257005	86.69	117.86619999999996	2
DB11919	NC1=NC(OCC2=CC=CC=C2)=C2N=CNC2=N1	241.2486	24.628429388228955	1	2	0		3	0	17.012717576686025	8.979466817755707	4.712806002172376	89.71	67.62110000000001	3
DB11925	CNC(=O)C1=CC(=CC=C1)C1=CC=C2C(N=C(N=C2N2CCOC[C@@H]2C)N2CCOC[C@@H]2C)=N1	462.554	51.346881723191956	1	1	0		5	0		14.843255039278539	2.003147468330689	92.71000000000001	133.05899999999997	4
DB11942	FC(F)(F)C1=CC(=CC(=C1)C1=NN(\C=C/C(=O)NNC2=NC=CN=C2)C=N1)C(F)(F)F	443.313	35.607587965581615	1	2	0		3	0	15.950288031022154	12.182111849408605	1.3404857838702748	97.62	120.00430000000003	7
DB11952	C[C@H](NC1=C2N=CNC2=NC=N1)C1=CC2=CC=CC(Cl)=C2C(=O)N1C1=CC=CC=C1	416.87	42.20050502348157	1	2	0		5	0	16.10158095439894	9.8624789737905	3.9893334568703964	86.8	118.52790000000002	4
DB11958	C[C@@H](O)COC1=CN2N=CN=C(OC3=CC=C4NC(C)=CC4=C3F)C2=C1C	370.384	37.81998101807521	1	2	0		4	0	16.59474595815243	14.826877968059684	2.0367585470603746	84.67	110.0215	5
DB11962	O=C1NC(=O)\C(S1)=C\C1=CC=C2N=CC=C(C3=CC=NC=C3)C2=C1	333.37	33.268694855668485	1	1	0		4	0		7.903142756550284	4.967404455497792	71.95	93.12159999999999	2
DB11963	COC1=C(NC(=O)\C=C\CN2CCCCC2)C=C2C(NC3=CC(Cl)=C(F)C=C3)=NC=NC2=C1	469.939	49.06077188194706	1	2	0		4	1	16.115669109915906	12.499619329291487	8.552490803633487	79.38000000000001	129.91230000000002	7
DB11967	CN1C=NC2=C(F)C(NC3=CC=C(Br)C=C3F)=C(C=C12)C(=O)NOCCO	441.233	38.55413298009003	1	3	0		3	0	14.280310577011278	10.260148711013084	5.298529505570586	88.41000000000001	98.02459999999999	6
DB11969	CN1N=CC(Cl)=C1C1=C(Cl)OC(=C1)C(=O)N[C@H](CN)CC1=CC=C(F)C(F)=C1	429.25	39.38428374269353	1	2	0		3	1		14.039191670409696	9.024120380860888	86.08	113.37219999999998	5
DB11978	CN1CC[C@H](C[C@@H]1C1=NC2=CC=CC=C2N1)NC(=O)NC1=CC=C(C=C1)C#N	374.448	40.73166405589009	1	3	0	0	4	0	13.262448862966705	11.393769688120896	6.665548277270102	96.83999999999999	108.26250000000003	3
DB11986	CN1CCN(CC1)C1=CC=C(C(=O)NC2=NNC3=CC=C(CC4=CC(F)=CC(F)=C4)C=C23)C(NC2CCOCC2)=C1	560.65	60.40702185778537	0	3	0		6	1	14.586340077139017	12.38818156157522	7.783154497407746	85.52	161.23809999999995	7
DB12001	CCN1CCN(CC2=CC=C(NC3=NC=C(F)C(=N3)C3=CC(F)=C4N=C(C)N(C(C)C)C4=C3)N=C2)CC1	506.606	54.746005320074296	1	1	0		5	1		10.272513027429259	7.944387256053441	75.0	141.26479999999998	7
DB12015	CC1=C(SC(NC(=O)N2CCC[C@H]2C(N)=O)=N1)C1=CC(=NC=C1)C(C)(C)C(F)(F)F	441.47	42.75314599063451	1	2	0		3	0	15.455118652030967	7.793255919169194	2.8100842665906907	101.21000000000001	105.84720000000002	5
DB12021	CCC1=C2N=C(C=C(NCC3=CC=C[N+]([O-])=C3)N2N=C1)N1CCCC[C@H]1CCO	396.495	44.17909965967925	1	2	0		4	0		15.923358770525525	4.627146910237245	92.63	126.34289999999997	7
DB12025	CC(C)[C@]12O[C@H]1[C@@H]1O[C@]11[C@]3(O[C@H]3C[C@H]3C4=C(CC[C@]13C)C(=O)OC4)[C@@H]2O	360.406	37.144387451074806	1	1	0		7	0	13.30460978611875	12.54275367923714	-3.79249501560952	84.12	87.26059999999998	1
DB12027	C(CC1=CNC2=CC=CC=C12)NC1=CC=C(NC2=CC=NC=C2)C=C1	328.419	37.8248085174707	1	3	0		4	1		17.163160173306842	8.000768723254232	52.74	103.0352	6
DB12047	CC(C)C1=C(O)C=C(O)C(=C1)C1=NNC(=O)N1C1=CC2=C(C=C1)N(C)C=C2	364.3978	37.82776942597621	1	3	0	0	4	0	9.29593596885595	8.531925013484766	-4.809886505967436	90.09	102.6462	3
DB12048	C[C@H](N1N=NC2=NC=C(N=C12)C1=CN(C)N=C1)C1=CN2C=CN=C2C=C1	345.37	35.7180735470523	1	0	0		5	0			6.669984928191376	91.61000000000001	119.06309999999998	3
DB12085	CN[C@@H](C)C(=O)N[C@@H](C1CCCCC1)C(=O)N1CCC[C@H]1C1=NC(=CS1)C(=O)C1=CC=C(F)C=C1	500.63	53.002336696453824	1	2	0		4	1	18.701132869448035	11.866042360104535	8.602011996685725	91.4	132.03549999999998	8
DB12088	C[C@@H](O)[C@H](NC(=O)[C@@H]1CSSC[C@H](NC(=O)[C@H](N)CC2=CC=CC=C2)C(=O)N[C@@H](CC2=CC=C(O)C=C2)C(=O)N[C@H](CC2=CNC3=CC=CC=C23)C(=O)N[C@@H](CCCCN)C(=O)N1)C(N)=O	947.14	98.26010752738235	0	12	0		5	2	10.079472025051652	7.699257360293789	10.613436641089548	325.97999999999996	250.18019999999987	16
DB12108	CC(C)N1N=C(C)N=C1C1=CN2CCOC3=CC(=CC=C3C2=N1)C1=CN(N=C1)C(C)(C)C(N)=O	460.542	51.72612134953242	1	1	0		5	0		15.685550934163114	3.8897814430868745	118.67	171.2578	5
DB12109	OC(=O)CCCCC(CCSCC1=CC=CC=C1)SCC1=CC=CC=C1	388.58	45.88325998433263	0	1	0		2	-1		4.4699601477291555		37.3	114.5622	13
DB12121	C1CN(CCO1)C1=CC=C(NC2=NC(=CN3C=CN=C23)C2=CC3=C(C=NN3)C=C2)C=C1	411.4591	44.43934461725962	1	2	0	0	6	0	15.562711426713852	11.735138016287095	3.741495673363918	83.36999999999999	120.86159999999998	4
DB12130	C[C@H]1OC2=C(N)N=CC(=C2)C2=C(C#N)N(C)N=C2CN(C)C(=O)C2=C1C=C(F)C=C2	406.421	40.421226591179064	1	1	0		4	0		19.699621552345498	5.706600100630436	110.06	121.16890000000001	0
DB12141	CCC1=C(NC2CCOCC2)N=C(NC2=CC=C(N3CCC(CC3)N3CCN(C)CC3)C(OC)=C2)C(=N1)C(N)=O	552.724	62.9205878508428	1	3	0		5	1	16.886004825059935	14.212237369142478	8.473379851691913	121.11	159.84449999999993	9
DB12146	COC1=CC(OC)=C(\C=C\S(=O)(=O)CC2=CC=C(OC)C(NCC(O)=O)=C2)C(OC)=C1	451.49	46.3191733504859	1	2	0		2	-1	14.612832661422216	2.265219256907287	5.2351099132934396	120.39	116.49889999999999	11
DB12147	COC1=CC(=CC(OC)=C1)N(CCNC(C)C)C1=CC=C2N=CC(=NC2=C1)C1=CN(C)N=C1	446.555	50.9954558923817	1	1	0		4	1			9.718006907296823	77.33	139.31910000000002	9
DB12174	COC1=C(OCCCCCCC(=O)NO)C=C2C(NC3=CC=CC(=C3)C#C)=NC=NC2=C1	434.496	48.16548529906265	1	3	0		3	0	16.120969796658162	8.90756252028044	4.656639567020873	105.60000000000001	118.62770000000002	11
DB12180	C[C@H](O)C(=O)N1CCN(CC2=C(C)C3=NC(=NC(N4CCOCC4)=C3S2)C2=CN=C(N)N=C2)CC1	498.601	53.980495273896125	1	2	0	1	5	0	15.814023120445619	13.47243844468973	6.76499090747666	133.82999999999998	146.11419999999998	5
DB12183	CNC(=O)CN1CCC(CC1)OC1=C(OC)C=C2N=CN=C(NC3=CC=CC(Cl)=C3F)C2=C1	473.93	48.40331115877852	1	2	0		4	1	15.124330663190225	14.051384524658921	6.97539985982261	88.61000000000001	123.8024	7
DB12191	COC1=CC(=N\C1=C/C1=C(C)C=C(C)N1)C1=CC2=CC=CC=C2N1	317.392	37.31950503304367	1	2	0	0	4	0	17.565260188294936	13.971780518937713	4.678211130090251	53.169999999999995	100.21510000000002	3
DB12200	O=C1NC(=O)[C@H]([C@@H]1C1=CNC2=CC=CC=C12)C1=CN2CCCC3=C2C1=CC=C3	369.424	39.511698619936325	1	2	0		6	0	16.068517649869722	9.72287368663641	-8.610658814291416	66.89	106.60069999999999	2
DB12218	NC1(CCN(CC1)C1=C2C=CNC2=NC=N1)C(=O)N[C@@H](CCO)C1=CC=C(Cl)C=C1	428.915	44.785148221568704	1	4	0	2	4	2	13.81453528738374	13.034799269496993	8.329386751761671	120.16000000000001	116.97389999999999	6
DB12242	NC(=O)NC1=C(SC(=C1)C1=CC=CC(F)=C1)C(=O)N[C@H]1CCCNC1	362.422	37.31011696240765	1	4	0		3	1	14.423450409756372	11.986835761369626	9.522631083291548	96.25	95.535	4
DB12257	[Pt]	195.084	1.7784	1	0	0	0	0	0				0.0	0.0	0
DB12267	COC1=CC(=CC=C1NC1=NC=C(Cl)C(NC2=CC=CC=C2P(C)(C)=O)=N1)N1CCC(CC1)N1CCN(C)CC1	584.1	64.09632241862066	1	2	0		5	1	14.704093914680158	12.881749684402603	8.536606033648397	85.86000000000001	164.77139999999997	8
DB12291	CC(=O)NC1=CC=C(C=C1)C(=O)NC1=CC=CC=C1N	269.304	29.022646474784977	1	3	0		2	0	14.448307169407023	13.475710715255648	3.2402656263998133	84.22	81.1549	3
DB12307	COC1=C(OCCCN2CCOCC2)C=C2N=CC=C(OC3=CC=C(NC(=O)C4(CC4)C(=O)NC4=CC=C(F)C=C4)C=C3F)C2=C1	632.6538	64.65142814182278	0	2	0	1	6	0	14.238257899784628	13.175543162356329	6.879155175266221	111.25	168.29599999999994	12
DB12332	CNCC1=CC=C(C=C1)C1=C2CCNC(=O)C3=C2C(N1)=CC(F)=C3	323.371	35.18574611078762	1	3	0		4	1	14.91653306415277	13.156547059396214	9.31977889358019	56.92	92.90729999999999	3
DB12340	[H][C@@](CCN1CCOCC1)(CSC1=CC=CC=C1)NC1=C(C=C(C=C1)S(=O)(=O)NC(=O)C1=CC=C(C=C1)N1CCN(CC2=C(CCC(C)(C)C2)C2=CC=C(Cl)C=C2)CC1)S(=O)(=O)C(F)(F)F	974.613	99.45360902802845	0	2	0	0	7	0	13.2353333454835	4.257979983285205	8.297490260386903	128.35999999999999	256.3622	16
DB12369	CN1CCN(CC1)C1=NC(C2=C(C(=O)NC2=O)C2=CNC3=C2C=CC=C3)=C2C=CC=CC2=N1	438.4812	46.82428044010417	1	2	0	1	6	1	15.992333012170938	9.655961276676669	7.402735707359718	94.21999999999998	126.13730000000001	3
DB12376	ONC(=O)CCCCCCNC(=O)C1=CN=C(N=C1)N(C1=CC=CC=C1)C1=CC=CC=C1	433.512	48.16441730081818	1	3	0		3	0	13.42834166470157	8.90752508321393	-1.4305731762529361	107.45	122.73269999999998	11
DB12387	COC1=C2NC(=CC2=CC=C1)C1=C2N(N=CN=C2N)C(=N1)[C@H]1CC[C@@H](CC1)C(O)=O	406.446	43.89401691428675	1	3	0		5	-1	12.621892770789618	3.816140973177522	2.6204043375538255	131.42	122.0832	4
DB12400	CCN1C(=O)C(=CC2=C(C)N=C(N)N=C12)C1=CC=NN1	270.296	28.03837276716057	1	2	0		3	0	16.623197474240325	7.319549332728719	3.6709596963044744	100.79	77.3764	2
DB12411	NC1=NC(NC2=CC=C3CC[C@@H](CCC3=C2)N2CCCC2)=NN1C1=CC2=C(N=N1)C1=CC=CC=C1CCC2	506.658	59.16224554463966	0	2	0		7	1		11.761236926445832	10.553818809162731	97.77999999999999	154.88549999999998	4
DB12429	FC1=C(F)C(NC2=CC=C(I)C=C2Cl)=C(C=C1)C(=O)NOCC1CC1	478.66	38.500565363281176	1	2	0	0	3	0	15.044743277124118	12.005431141589192	-3.920333444582714	50.36	100.4116	6
DB12463	CC(C)[C@H](O)C(=O)N[C@@H](C)C(=O)N[C@H]1C2=CC=CC=C2CCN(C)C1=O	361.442	38.39456682994377	1	3	0		2	0	12.779624454385292	11.907400721496273	-3.694045861698041	98.74000000000001	97.21940000000001	5
DB12480	[H]OC(=O)[C@]12CC[C@@]([H])(C(C)=C)[C@]1([H])[C@@]1([H])CC[C@]3([H])[C@@]4(C)CC[C@]([H])(O[H])C(C)(C)[C@]4([H])CC[C@@]3(C)[C@]1(C)CC2	456.711	54.63551490064371	1	2	0		5	-1	19.48943339017772	4.748313577998887	-0.8351229684482065	57.53	132.62549999999996	2
DB12500	CC1=CN=C(NC2=CC=C(OCCN3CCCC3)C=C2)N=C1NC1=CC=CC(=C1)S(=O)(=O)NC(C)(C)C	524.678	57.16464702166346	1	3	0		4	1	14.85215190562449	10.211822590510433	9.001006087174579	108.47999999999999	147.87890000000002	10
DB12588	C[C@H](NC1=NC=C(Cl)C(NC2=NNC(C)=C2)=N1)C1=NC=C(F)C=N1	348.766	33.799177460059795	1	3	0	0	3	0	13.530100711294875	11.619915307942293	3.079420084094237	104.30000000000001	91.1151	5
DB12597	O[C@@H]1CCN(C1)C1=C(C=C(C=N1)C(=O)NC1=CC=C(OC(F)(F)Cl)C=C1)C1=CC=NN1	449.84	41.879801788859695	1	3	0		4	0	13.339113455171315	11.057524962282356	4.190990084150008	103.37000000000002	104.807	6
DB12601	COC[C@H]1OC(=O)\C(=C\N(CC=C)CC=C)C2=C(O)C(=O)C3=C([C@@H](C[C@@]4(C)[C@H]3CCC4=O)OC(C)=O)[C@@]12C	525.598	54.56900145683146	1	1	0		4	0	19.708467705198835	8.489856708941462	-2.7581267023797547	119.44000000000003	141.1477	9
DB12674	[H][C@@]12[C@@H]3SC[C@]4(NCCC5=C4NC4=CC=C(OC)C=C54)C(=O)OC[C@H](N1[C@@H](O)[C@@H]1CC4=CC(C)=C(OC)C(O)=C4[C@@]2([H])N1C)C1=C2OCOC2=C(C)C(OC(C)=O)=C31	784.88	81.24730655828209	0	4	0	1	10	1	12.95934216824636	9.349936885844317	7.198170500852399	164.28	205.90409999999997	4
DB12686	CC(C)CC(=O)NC1=NNC2=C1CN(C(=O)C1CCN(C)CC1)C2(C)C	361.4817	41.29807509940856	1	2	0	1	3	1	14.07395188839015	11.149836614603489	8.788007094676543	81.33	104.7277	4
DB12703	COC1=C(NS(=O)(=O)C2=C(F)C=C(F)C=C2)C=C(C=N1)C1=CC2=C(C=CN=C2C=C1)C1=CN=NC=C1	505.496	48.294529349669325	1	1	0	-1	5	-1		6.579603123392105	3.99622481130535	106.96	129.8429	5
DB12707	CC(C)[C@H](C(=O)NC1=CC=C(C=C1)C(=O)NO)C1=CC=CC=C1	312.369	32.811632945528444	1	3	0	0	2	0	13.879419463150438	9.200053345365976	-4.2484501920095585	78.43	90.21000000000001	5
DB12719	CC(C)OC(=O)C1=CN(CC(C)(C)C2=C1NC1=CC=CC=C21)C(=O)C1=CC(F)=C(F)C=C1	438.4665	45.61689813978373	1	1	0	0	4	0		13.579931465581767	-4.483563704181769	62.400000000000006	117.90229999999998	4
DB12731	O=C(NCCCCC1CCN(CC1)C(=O)C1=CC=CC=C1)\C=C\C1=CC=CN=C1	391.515	45.59836413720942	1	1	0		3	0		15.58539906283496	4.839445580085735	62.300000000000004	116.71269999999998	8
DB12742	S=C(NCC1=CC=C2OCOC2=C1)N1CCN(CC1)C1=NC=NC2=C1OC1=C2C=CC=C1	447.51	47.821058015233945	1	1	0		6	0		14.11096602150836	1.3738283872553174	75.89000000000001	124.5263	3
DB12774	COC1=CC=C(C=C1CO)C1=CC=C2C(=N1)N=C(N=C2N1CCOC[C@@H]1C)N1CCOC[C@@H]1C	465.554	51.69563403647454	1	1	0		5	0		14.586175637761098	2.0037491828269607	93.07000000000001	132.36299999999997	5
DB12852	OC(=O)CC[C@H]1CC[C@@](CC1)(C1=C(F)C=CC(F)=C1)S(=O)(=O)C1=CC=C(Cl)C=C1	442.9	42.383300227916486	1	1	0		3	-1		3.530204065825756		71.44	105.98259999999999	6
DB12874	CC(C)(C)C1=CC(NC(=O)NC2=CC=C(C=C2)C2=CN3C(SC4=C3C=CC(OCCN3CCOCC3)=C4)=N2)=NO1	560.67	61.50621029234888	0	2	0		6	0	15.584600356712556	10.432569278455668	6.615482359089901	106.16	168.2389	8
DB12887	CCN(C1CCOCC1)C1=C(C)C(=CC(=C1)C1=CC=C(CN2CCOCC2)C=C1)C(=O)NCC1=C(C)C=C(C)NC1=O	572.75	66.03812623625146	1	2	0	1	5	1	15.519816689695437	11.635869637443882	7.193293165552336	83.14000000000001	171.49730000000002	9
DB12904	FC(F)C1=NC2=CC=CC=C2N1C1=NC(=NC(=N1)N1CCOCC1)N1CCOCC1	417.4125	40.782575967183305	1	0	0	0	5	0			5.879032006046694	81.43	117.84940000000002	4
DB12941	C[C@@H](CN1C=CC(=N1)C1=CC=C(C#N)C(Cl)=C1)NC(=O)C1=NNC(=C1)C(C)O	398.85	41.856984608987055	1	3	0	0	3	0	14.883066996341586	9.811251697186993	2.3672624465797076	119.62	117.1625	6
DB12947	C[C@H]1O[C@H]([C@H](O)[C@@H]1O)N1C=C(F)C(=O)NC1=O	246.1924	20.986521742730226	1	3	0	0	2	0	12.65748522962968	8.074210785214104	-3.6273636606527755	99.1	51.2248	1
DB12948	ONC(=O)C1=CC(O)=C(O)C=C1	169.136	15.21851449957833	1	4	0		1	0	9.843366576794011	8.319415607705249	-5.0731650007645905	89.79	40.8628	1
DB12978	FC(F)(F)C1=CC=C(CNC2=NC=C(CC3=CNC4=NC=C(Cl)C=C34)C=C2)C=N1	417.82	39.328268099559956	1	2	0		4	1		15.678802836375432	6.76290137785338	66.49000000000001	105.89	6
DB12980	ClC1=CC=C(OCCCCCCN\C(NC#N)=N\C2=CC=NC=C2)C=C1	371.87	40.83889696489365	1	2	0	1	2	1	16.664628959837554	16.31760804214939	7.684867655239462	82.33	104.5526	9
DB13044	CC(C)C1=C(O)C(O)=C(C=O)C2=C(O)C(=C(C)C=C12)C1=C(O)C2=C(C=C1C)C(C(C)C)=C(O)C(O)=C2C=O	518.5544	55.98057046137135	0	6	0	0	4	-1	8.319379013157306	7.799881811289805	-6.149501497054317	155.52	147.612	4
DB13048	OC1=C(\C=N\NC(=O)CN2CCN(CC3=CC=CC=C3)CC2)C=CC=C1CC=C	392.503	44.126316167757025	1	2	0		3	1	11.704549473196705	8.580790228553187	7.165544107971655	68.17	117.9249	8
DB13063	C\C1=C/CC[C@@]2(C)O[C@H]2[C@H]2OC(=O)C(=C)[C@@H]2CC1	248.3175	26.867692752509683	1	0	0	0	3	0			-4.2427719335752	38.83	68.5529	0
DB13069	CC1=NC=C(CNC(=O)N(CCCl)N=O)C(N)=N1	272.69	25.70676164828004	1	2	0		1	1		12.944433019409894	6.263701786124429	113.57	68.5516	5
DB13076	[90Y]	89.9072	1.7784	1	0	0		0	0				0.0	0.0	0
DB13874	CC(C)(O)CNC1=NC(=NC(NC2=CC(=NC=C2)C(F)(F)F)=N1)C1=NC(=CC=C1)C(F)(F)F	473.383	41.40651764354215	1	3	0		3	0	14.293808546973825	11.370991498413542	3.8184734117347268	108.74000000000001	118.37160000000003	8
DB13930	[H]N([C@H](CO)C1=CC(Cl)=CC=C1)C(=O)C1=CC(=CN1[H])C1=CC(=NC=C1Cl)N([H])C(C)C	433.33	44.392440086741615	1	4	0		3	0	14.958948211521072	12.776840772849848	4.649450134916051	90.04	117.50810000000004	7
DB13978	NC(=O)C1CCCC2=C1NC1=C2C=C(Cl)C=C1	248.71	26.061328800656486	1	2	0		3	0	16.614641675185535	15.73351737604116	-2.644555708755251	58.879999999999995	67.37110000000001	1
DB13985	[177Lu+3].C[C@@H](O)[C@H](NC(=O)[C@@H]1CSSC[C@H](NC(=O)[C@@H](CC2=CC=CC=C2)NC(=O)CN2CCN(CC([O-])=O)CCN(CC([O-])=O)CCN(CC([O-])=O)CC2)C(=O)N[C@@H](CC2=CC=C(O)C=C2)C(=O)N[C@H](CC2=CNC3=C2C=CC=C3)C(=O)N[C@@H](CCCCN)C(=O)N[C@@H]([C@@H](C)O)C(=O)N1)C(O)=O	1609.55	144.30934256066206	0	14	0	-2	6	-2	2.8652480104029667	0.466250036507415	10.28438052108588	505.9499999999999	397.3440999999999	26
DB14568	[H][C@@](N(C(=O)[C@]1([H])CCC(=O)N1C1=NC=CC(=C1)C#N)C1=CC(F)=CN=C1)(C(=O)NC1CC(F)(F)C1)C1=C(Cl)C=CC=C1	582.97	53.4182065517658	1	1	0		5	0	13.673113271147905	12.140569113196655	1.8069764829009622	119.28999999999999	139.33199999999997	7
DB14723	O[C@H]1CCN(C1)C(=O)NC1=C2N=C(C=CN2N=C1)N1CCC[C@@H]1C1=C(F)C=CC(F)=C1	428.444	41.611712144236215	1	2	0		5	0	14.995396518378573	10.935050752364885	0.7049689419211188	86.0	122.96429999999998	3
DB14792	CN1N=C2CSCC3=NN(C)C(CSC4=CC5=C(C=CC=C5)C(OCCCC5=C(N(C)C6=C5C=CC(Cl)=C6C2=C1C)C(O)=O)=C4)=C3	672.26	69.94179317101784	0	1	0		7	-1		3.2411616873556333	2.005450807968175	87.10000000000001	211.6582999999999	1
DB14795	COC1=C(OC(=O)N2CCN(C)C[C@H]2C)C=C2C(NC3=C(F)C(Cl)=CC=C3)=NC=NC2=C1	459.91	46.539613386448515	1	1	0		4	1		13.811075757731743	7.100945621686947	79.82000000000001	119.156	5
DB14840	CCN1C(=O)C(=CC2=C1C=C(NC)N=C2)C1=C(Br)C=C(F)C(NC(=O)NC2=CC=CC=C2)=C1	510.367	47.20722145499343	1	3	0	0	4	0	18.047528281355657	10.3386087334983	5.852722619792451	86.36	133.7802	5
DB14917	C[C@@H]1COCCN1C1=NC(=NC(=C1)C1(CC1)[S@](C)(=N)=O)C1=CN=CC2=C1C=CN2	412.51	43.095670678475585	1	2	0	0	5	0		13.758072124537467	4.504480830803547	107.85	121.98749999999998	4
DB14980	C[C@@H](NC1=CC=CC=C1C(O)=O)C1=CC(C)=CN2C(=O)C=C(N=C12)N1CCOCC1	408.458	43.18665627905949	1	2	0		4	-1	15.566544871868128	4.68028901036352	2.5530471496325826	94.47	125.08819999999997	5
DB15029	C[C@@H](NC1=CC(F)=CC(F)=C1)C1=CC(=CC2=C1OC(=CC2=O)N1CCOCC1)C(=O)N(C)C	457.478	45.49651530407577	1	1	0		4	0		17.419477852656467	2.162152816659311	71.11	131.89769999999996	5
DB15035	NC(=O)C1=C2NCC[C@@H](C3CCN(CC3)C(=O)C=C)N2N=C1C1=CC=C(OC2=CC=CC=C2)C=C1	471.561	51.747301377624446	1	2	0		5	0		13.807400111926212	2.68396683103639	102.47999999999999	146.24650000000003	6
DB15102	CCN1C(=O)N(CC2=CN=C3NC(CN4CCOCC4)=CC3=C12)C1=C(F)C(OC)=CC(OC)=C1F	487.508	49.92842250354251	1	1	0		5	0		13.880927424636518	5.904092980269275	83.16000000000001	125.3239	6
DB15133	CN1CCC(COC2=CN=C(N=C2)C2=CC(CN3N=C(C=CC3=O)C3=CC(=CC=C3)C#N)=CC=C2)CC1	492.583	54.70410460265933	1	0	0	1	5	1			9.134353748695272	94.71	154.742	7
DB15189	CC1=C(C)C2=C(S1)N1C(C)=NN=C1[C@H](CC(=O)NC1=CC=C(O)C=C1)N=C2C1=CC=C(Cl)C=C1	491.99	50.88114351691688	1	2	0		5	0	15.762192547444023	9.459690360865105	4.208616419853287	92.4	146.02969999999996	4
DB15233	CN1C=C(C=N1)C1=CN2N=CN=C(N3CCN(CC3)C3=NC=C(C=N3)[C@@](C)(N)C3=CC=C(F)C=C3)C2=C1	498.57	52.990488953482114	1	1	0	1	6	1			8.521021194276003	106.29	164.55149999999992	5
DB15399	C[C@]1(CCCN1C1=NN2C=CC=C2C(NC2=NNC(=C2)C2CC2)=N1)C(=O)NC1=CN=C(F)C=C1	461.4948	48.10285524672413	1	3	0		6	0	12.97351022304117	12.012294325401422	2.88889172592693	116.13000000000001	139.75309999999996	6
DB15408	OC(=O)C1=CC2=C(C=C1)C1=C(C=CN=C1)C(NC1=CC(Cl)=CC=C1)=N2	349.77	35.31052589880835	1	2	0		4	-1	15.988911966733893	3.0153200514962295	4.613079902916225	75.11	95.1333	3
DB15463	CS(=O)(=O)C1=CC=C(OC2=CC(=CC(F)=C2)C#N)C2=C1[C@H](O)[C@H](F)[C@@H]2F	383.34	33.20066720533374	1	1	0	0	3	0	16.20067027258909	12.529253006942032	-3.738557485653073	87.39000000000001	85.8219	3
DB15569	CC(C)C1=NC=CC(C)=C1N1C(=O)N=C(N2CCN(C[C@@H]2C)C(=O)C=C)C2=CC(F)=C(N=C12)C1=C(O)C=CC=C1F	560.606	57.20688577670865	1	1	0		5	-1		6.984943724813891	4.735823558086222	102.23000000000002	150.11759999999995	3
DB15685	COC1=NC=C(CN2C3CC2CN(C3)C2=CC=C(C=N2)C2=CC(OCC(C)(C)O)=CN3N=CC(C#N)=C23)C=C1	525.613	57.29953841768179	1	1	0	0	6	0		14.593168136278184	6.28170613655197	112.03999999999999	158.75269999999998	8
DB15694	OC[C@H]1O[C@@H](N2CC[C@@H](O)NC2=O)C(F)(F)[C@@H]1O	268.217	22.706456310779394	1	4	0	0	2	0	11.69037280910183	11.000571990556669	-2.983177788597496	102.26	51.7505	2
DB15822	CO[C@@]1(CC[C@@H](CC1)C1=NC(NC2=NNC(C)=C2)=CC(C)=N1)C(=O)N[C@@H](C)C1=CC=C(N=C1)N1C=C(F)C=N1	533.612	56.65525517257491	1	3	0	0	5	0	13.255455487251387	12.447066095669113	4.128125130047078	135.52999999999997	146.12079999999995	8
DB16107	CC[C@H]1N(C2CCCC2)C2=NC(NC3=CC=C(C=C3OC)C(=O)NC3CCN(C)CC3)=NC=C2N(C)C1=O	521.666	58.87763002370657	1	2	0	1	5	1	15.856501304086033	12.245625578449443	8.565268146478044	102.92999999999998	148.63689999999994	7
DB16108	CCC1=NC(=C(S1)C1=CC(NC(=O)C2=CC=CC=C2)=NC=C1)C1=CC=CC(C)=C1	399.51	44.674284762430105	1	1	0	0	4	0		14.892736220326155	2.3656121933207848	54.88	118.74980000000002	5
DB16239	CCNC(=O)C[C@@H]1N=C(C2=CC=C(Cl)C=C2)C2=CC(OC)=CC=C2N2C(C)=NN=C12	423.9	44.82688731151809	1	1	0	0	4	0	18.311353539735432	14.933685470062636	4.357229514686613	81.39999999999999	127.33900000000001	5
DB16305	[H][C@]12CC[C@H](N1C(=O)[C@H](CN(CC2)C(=O)CC(C)C)NC(=O)[C@H](C)NC)C(=O)NC(C1=CC=CC=C1)C1=CC=CC=C1	561.727	61.951926133496954	1	3	0	1	4	1	12.80996387466027	12.176902230850763	8.602552220060636	110.85	157.05489999999998	9
DB16390	COC1=C(NC2=NC=C(C(=O)OC(C)C)C(=N2)C2=CN(C)C3=C2C=CC=C3)C=C(NC(=O)C=C)C(=C1)N(C)CCN(C)C	585.709	64.19918691453712	0	2	0	1	4	1	15.190524990761348	12.784881931894954	8.867335823164389	113.85	171.51619999999994	13
